GCGC,GCGCerrors,GCGG,GCGGerrors
-0.006265176,0.002456199,0.00533057,0.001196652
0.021720159,0.002352746,0.010395634,0.001684238
-0.035292457,0.001789351,-0.014350188,0.003000517
0.019837474,0.002041795,-0.001376017,0.002638027
0.012176047,0.001198377,-0.008944862,0.002476831
0.014082771,0.001648029,-0.00160471,0.00146206
-0.046690504,0.001869515,-0.014161416,0.00134579
0.020431686,0.001414199,0.024710987,0.001747801
-0.005911582,0.001762598,-0.006500673,0.001630276
-0.011215589,0.001195373,-0.01112392,0.000963149
-0.028756791,0.000920839,-0.013963102,0.001209292
0.045883961,0.00236848,0.031587695,0.002009114
0.002683833,0.001725015,0.033201723,0.001588583
-0.01786083,0.002384605,-0.032323537,0.001173385
-0.032052885,0.001181737,-0.035177659,0.001540855
0.047229882,0.002371971,0.034299473,0.001856875
0.009938424,0.00167249,0.00445672,0.001731486
-0.003199107,0.001940797,-0.03083815,0.001806242
-0.03843245,0.001578488,-0.020777909,0.002394645
0.031693133,0.00172145,0.047159339,0.001521846
0.000692323,0.001969935,0.011803292,0.001592627
-0.009400097,0.001465214,-0.004276681,0.00172329
-0.021980822,0.001025366,-0.023696927,0.001627859
0.030688596,0.000698904,0.016170316,0.003191899
0.021535474,0.001432626,-0.01673299,0.002337653
-0.010513291,0.00120878,-0.000552297,0.001907356
-0.032192395,0.00158643,-0.016457245,0.002138115
0.021170211,0.002551053,0.033742532,0.001863948
0.013435765,0.00239473,0.007760671,0.002424181
-0.019887567,0.001747047,-0.01615991,0.002328523
-0.031165644,0.001633459,-0.019780332,0.000794328
0.037617446,0.002502306,0.028179572,0.001763132
0.027719057,0.001962811,0.032582179,0.002015342
-0.013990576,0.002250997,-0.035656554,0.000980092
-0.038835972,0.002589901,-0.008418648,0.002238989
0.025107491,0.002947843,0.011493022,0.001629575
0.050379663,0.002153047,0.063178501,0.001895213
-0.04613678,0.001471277,-0.065548669,0.002017019
-0.020029069,0.002073909,0.004936889,0.001963253
0.015786186,0.002493361,-0.002566722,0.002140731
0.090674012,0.002964478,0.105011361,0.002748141
-0.103393731,0.001725737,-0.112711572,0.001903242
-0.075953254,0.001512823,-0.067068473,0.00143435
0.088672973,0.00218314,0.074768684,0.003409321
0.100562842,0.001661694,0.075738811,0.002243289
-0.15447356,0.0017971,-0.114535321,0.001911995
-0.067914625,0.001785093,-0.074929702,0.001204076
0.121825344,0.001724433,0.113726212,0.002878442
0.115132971,0.002997928,0.092435689,0.002347812
-0.194295076,0.001066309,-0.123944423,0.002864282
-0.115737583,0.001131974,-0.098827894,0.002087009
0.194899688,0.00250512,0.130336628,0.001518825
0.071598252,0.001192219,0.000358792,0.002129996
-0.178689998,0.001397023,-0.140866593,0.003407618
0.04812902,0.002061843,0.08701144,0.00186724
0.058962727,0.002387556,0.053496361,0.001844147
-0.033897572,0.001171702,-0.025624362,0.00170801
0.05669035,0.001162745,0.004056479,0.002068644
0.257249999,0.000886211,0.060185693,0.002776057
-0.280042777,0.002048361,-0.03861781,0.004679236
-0.297175915,0.003488918,-0.211497867,0.003840974
0.242068914,0.001032083,0.017012206,0.00181937
0.108210991,0.001923501,0.115861124,0.001752897
-0.05310399,0.001259158,0.078624537,0.001443928
0.013007184,0.00246836,0.008693943,0.001518344
0.15090424,0.001956192,0.013014859,0.001901179
-0.203981881,0.002176153,-0.132742004,0.002219695
0.040070457,0.001375565,0.111033201,0.002708106
0.145293609,0.00265942,0.142353243,0.002349429
-0.108117507,0.001426428,-0.096556959,0.001206856
-0.180581312,0.002501974,-0.105030351,0.002111563
0.14340521,0.001993362,0.059234067,0.002361305
0.103228824,0.001525975,0.081880376,0.002450815
-0.053712465,0.001435139,-0.076683917,0.001898083
-0.132888748,0.002106206,-0.090602851,0.0015159
0.083372389,0.001184923,0.085406392,0.002407012
0.084176735,0.002136353,0.041848791,0.002677039
-0.069758024,0.001472301,-0.071833631,0.001970455
-0.111967111,0.00215737,-0.063125828,0.001846308
0.0975484,0.001597517,0.093110668,0.002536268
-0.001599823,0.001909709,0.007623943,0.003091775
-0.011928486,0.001859506,-0.05075313,0.001793613
-0.044155578,0.001837521,-0.027407578,0.002259563
0.057683888,0.00203821,0.070536765,0.001621916
0.018255082,0.001906464,0.036273734,0.002017516
-0.021646313,0.001620385,-0.051100609,0.001767411
-0.020214891,0.002026486,-0.01616005,0.002021383
0.023606122,0.002109025,0.030986925,0.00190111
0.006890803,0.002067412,0.033381919,0.001733223
-0.023267297,0.002130919,-0.032561428,0.003782279
-0.007151616,0.001179077,-0.018437136,0.001783686
0.02352811,0.002241976,0.017616644,0.002532029
0.027681291,0.002568043,0.035921697,0.001613684
-0.014069728,0.001206379,-0.030048268,0.002362758
-0.015289422,0.001346799,-0.010474414,0.00275738
0.001677859,0.002079567,0.004600985,0.002385172
0.028014714,0.002571565,0.026025099,0.002431506
-0.01668953,0.00138727,-0.034227972,0.001718869
-0.013784199,0.001817502,0.005832647,0.001570242
0.002459015,0.001620988,0.002370226,0.003173897
0.030071378,0.002368116,0.046339771,0.002432279
-0.030947551,0.001680683,-0.02870235,0.001617487
-0.013164751,0.001106793,-0.027748521,0.001912216
0.014040924,0.002260792,0.010111099,0.001970917
0.046806802,0.001390767,0.044679948,0.002596764
-0.027272628,0.000760964,-0.051364263,0.002291065
-0.032365744,0.001554821,-0.007197291,0.002160764
0.012831569,0.002270393,0.013881607,0.002834754
0.037124011,0.001708438,0.025303425,0.003002039
-0.0272209,0.00206167,-0.046703112,0.00207153
-0.010649569,0.001657211,-0.014059268,0.001733814
0.000746458,0.001425794,0.035458955,0.002342865
0.044024944,0.003085394,0.062915188,0.002005755
-0.04283799,0.001678718,-0.064615272,0.001618566
-0.014715403,0.001606072,0.018273159,0.001911591
0.013528448,0.001877713,-0.016573075,0.002471644
0.027897693,0.002000319,0.060813564,0.001891087
-0.016130929,0.001697177,-0.067853101,0.001990584
0.003933892,0.001719756,0.016172471,0.002326428
-0.015700656,0.002431991,-0.009132934,0.002171044
-0.008988742,0.005363742,0.024145644,0.004675566
-0.028090942,0.004262566,-0.042844038,0.00500242
0.016928599,0.004233983,0.025951029,0.005378603
0.02411361,0.002946479,-0.019288765,0.002223902
0.000109725,0.002675402,-0.000877794,0.004559646
0.025582207,0.004431836,0.02298482,0.004435607
0.001559873,0.005810774,0.034013407,0.004582752
-0.000225763,0.00491135,-0.015793723,0.003645768
0.027601521,0.003547485,0.003374669,0.005513739
-0.008463375,0.001573146,0.009201436,0.004648335
-0.011073146,0.004011783,0.002022558,0.00325775
-0.003943718,0.00456301,-0.004340581,0.003550926
0.009409526,0.002116474,-0.001430216,0.003618714
-0.047367518,0.006143977,0.010190148,0.003773285
0.02261467,0.003424614,-0.03695885,0.004188377
-0.026031701,0.004914213,-0.005019173,0.004236594
0.017053773,0.00570628,-0.007420916,0.004980279
0.033056757,0.005292755,0.005746624,0.004681537
-0.02766113,0.006270523,0.001971784,0.005943787
-0.015382136,0.004378109,0.046042134,0.003368916
0.015649733,0.004545335,0.014287746,0.003359512
0.040739271,0.001869567,0.009399256,0.003415014
-0.012562809,0.00370404,0.003544277,0.004420668
0.04806838,0.003527518,0.000213046,0.003330271
-0.035924292,0.004491199,-0.019509739,0.005991168
-0.016182129,0.006737894,-0.023542617,0.00551673
-0.015066056,0.003195709,-0.009406136,0.005404545
-0.006121948,0.003365475,-0.027677064,0.004417272
-0.006568549,0.003352457,-0.008561392,0.003420764
-0.011558068,0.002279649,0.021007278,0.003944247
-0.007722044,0.004673604,0.006567884,0.004248185
0.021901406,0.004104918,-0.002266529,0.003068701
-0.015853193,0.00540658,-0.005552053,0.004019041
0.003146281,0.004290749,-0.010833655,0.004715033
-0.012622338,0.005511527,-0.020044448,0.006467311
0.066188602,0.005239617,0.015957356,0.004823646
0.000130742,0.004123016,-0.024212843,0.003036997
-0.035987144,0.002450576,-0.039594715,0.003670048
-0.021924532,0.00321562,-0.004751588,0.005387347
-0.070742274,0.003666128,-0.01186233,0.002514185
0.008686496,0.003615209,-0.006944558,0.0056898
-0.030093889,0.003494432,-0.002391864,0.005988593
0.024581493,0.003478658,0.012147452,0.003703788
0.025583355,0.003284578,0.082460896,0.005312451
0.007429357,0.00511137,-0.005102383,0.003615115
0.015657468,0.00507441,-0.000722213,0.003127543
0.011086192,0.005711072,0.025329838,0.004838966
-0.010559071,0.004937224,-0.018233082,0.005170903
-0.005478903,0.005217769,-0.001606691,0.004056049
-0.032874804,0.004351209,0.015326797,0.003411532
0.033668617,0.0033361,-0.006044461,0.002817251
-0.035028001,0.006538211,-0.030451203,0.004774708
0.001822305,0.004901133,0.031969628,0.005109637
0.045594469,0.003986788,0.001787519,0.002725042
0.023319425,0.005470522,-0.031998461,0.00425877
-0.047050835,0.006780235,0.009287045,0.004543291
-0.039553574,0.005432489,-0.012219559,0.005255506
0.028141428,0.005324361,-0.007347075,0.006878149
-0.032741499,0.003083464,-0.019769637,0.003187665
0.037878829,0.004436937,0.009780405,0.004035448
0.018562495,0.004215255,0.013159783,0.005200874
0.007484402,0.004550422,0.020508381,0.003365773
-0.021142105,0.004464616,0.00346225,0.002784402
0.037235227,0.007265891,0.002779263,0.003583278
0.006708388,0.004832398,-0.0022841,0.003912711
0.019496293,0.003369051,-0.027880962,0.004588861
-0.035121016,0.003658917,0.00907525,0.004916679
-0.00435073,0.00584727,0.030655795,0.004653373
0.009084711,0.005501651,0.004370523,0.003871077
-0.037838024,0.004005661,0.018178368,0.005552454
0.020882791,0.006107902,-0.034342718,0.004478385
-0.016892187,0.004429117,-0.020810446,0.002662224
-0.007735027,0.004395338,-0.022985694,0.00645505
0.014916822,0.002383325,0.002504781,0.00429604
-0.047955711,0.002889425,0.030471851,0.005004697
0.051087663,0.004416594,-0.008157034,0.003857513
0.00660209,0.004834545,-0.012895614,0.00330777
0.010447961,0.005015071,0.001171178,0.003853252
-0.002252184,0.004432621,-0.01014036,0.002236533
0.025094207,0.003532992,0.034124319,0.004043822
0.00849265,0.003556279,-0.003300816,0.004198395
-0.019183409,0.003358687,0.02132281,0.004098685
0.003364306,0.002772811,0.001412937,0.003337766
0.025038957,0.003752932,0.001731806,0.002805528
0.005177363,0.003962658,0.002189967,0.005632462
-0.004200892,0.003738861,-0.013502909,0.004050691
0.056436306,0.004233782,-0.009135106,0.004282511
0.018516025,0.004223342,0.015024927,0.00217227
0.015056826,0.006113714,0.018177813,0.003785524
0.004898063,0.004361732,-0.017570659,0.002383784
-0.026900546,0.004225604,-0.006902847,0.005484136
-0.002662386,0.006303899,0.007103327,0.004082093
-0.024908449,0.003777986,-0.017645816,0.001634023
-0.012086635,0.002220776,-0.000584493,0.004516906
-0.015908409,0.003967892,0.014414301,0.003610336
-0.017047,0.003377956,-0.014339953,0.00396256
-0.027515044,0.004685087,0.044845252,0.004438338
-0.011920215,0.00439851,-0.03268532,0.005625857
-0.011224428,0.004924011,-0.044544681,0.003486687
0.011469839,0.005465968,-0.002914439,0.004972775
0.009599705,0.005108386,0.001747481,0.004200065
0.002127367,0.002274622,-0.000849286,0.005302121
-0.012089281,0.003912779,-0.002107825,0.003473343
-0.026235758,0.003456234,-0.022870491,0.002619936
-0.020404472,0.005226433,-0.021120258,0.004005142
-0.030828591,0.003419638,-0.010643763,0.003903897
0.048422036,0.004043053,0.034361252,0.004939888
-0.031488181,0.004227464,-0.017602994,0.003025421
-0.001125744,0.003276718,0.029752254,0.002407427
0.041214417,0.003750572,0.010729325,0.003107541
0.002390417,0.001489908,0.006819881,0.00350271
0.010917428,0.002024196,0.012922195,0.003483745
0.028233046,0.003700603,-0.002822538,0.005483594
0.003428803,0.002576364,0.031344698,0.002715181
0.001585952,0.002645597,-0.040213877,0.003537516
-0.004414972,0.002916761,0.009757509,0.005103297
-0.033850675,0.002240811,0.023449677,0.003456738
0.02635248,0.003368726,0.002805886,0.00395716
-0.032209899,0.004746018,0.019993565,0.004623806
0.003924379,0.003808898,0.004734466,0.003531245
-0.001701595,0.004787425,0.005251168,0.00357219
-0.013027231,0.004417701,-0.005068964,0.0032151
0.011079338,0.00380215,0.00402112,0.003810937
0.008486201,0.004687264,-0.005802202,0.003374377
0.03097006,0.004991979,-0.013527578,0.002320765
-0.011658038,0.004327975,-0.011594228,0.006174988
0.007447443,0.005113922,-0.008360403,0.00279515
-0.004213604,0.004287871,0.010742687,0.004437465
0.009279444,0.003945491,0.033085376,0.002570161
0.015525289,0.005484906,-0.008317488,0.00332834
-0.007704826,0.004476345,0.027162194,0.004178885
-0.001180869,0.005489184,-0.015492283,0.003501931
-0.010724534,0.004897909,0.002135616,0.002344069
0.018260885,0.003208734,-0.001598826,0.003389968
-0.023632529,0.003054319,-0.021641386,0.003880806
0.007917649,0.004436886,0.013205822,0.003302516
-0.034366677,0.003593888,-0.053781749,0.004025274
-0.014073359,0.003823384,-0.009958404,0.006126293
0.003909721,0.002934162,-0.000192339,0.003879979
0.003135129,0.004827143,-0.010337878,0.006834322
0.016327259,0.003889045,-0.00221857,0.00079634
0.025283328,0.004006712,0.005276311,0.005921629
-0.005958976,0.005463217,0.006189864,0.003800528
-0.007908518,0.002745841,0.029983067,0.002573532
0.003116646,0.004808007,-0.012723803,0.002980065
-0.027908094,0.004346432,0.023677471,0.003501832
-0.026594925,0.003813751,-0.008751698,0.005468542
0.041397477,0.004296065,0.029555678,0.003130639
0.023717447,0.004227158,-0.015959328,0.002778518
0.005502339,0.001640765,-0.012425447,0.003381613
0.005660571,0.003495867,0.014766395,0.002745363
-0.048439426,0.002971505,0.02025044,0.003644864
0.006104199,0.003429873,-0.020154872,0.004577002
0.03211275,0.004978492,0.038683287,0.005628496
-0.020717836,0.00382643,-0.024105865,0.00439102
0.015520804,0.003313082,-0.020014634,0.003503695
-0.053977436,0.004699246,0.028323083,0.002232746
-0.008618834,0.004555473,-0.013522254,0.002802003
0.024329981,0.00192828,-0.021553593,0.004026261
0.017578747,0.003953074,-0.017168778,0.003147549
-0.024785361,0.002603691,-0.000213434,0.002804265
-0.013468065,0.004197333,-0.000153181,0.004975927
0.02394518,0.003244165,-0.027385232,0.002347422
-0.000476022,0.006682089,0.007074877,0.006693016
0.004327225,0.004346922,0.018983641,0.003361479
-0.015286191,0.002916181,-0.020731533,0.003465647
0.009644461,0.003276172,0.01243577,0.005077579
-0.022726431,0.004180356,-0.041466483,0.002628269
-0.019875327,0.003395896,0.010932266,0.003955474
-0.03272073,0.004301426,0.005825484,0.007375772
0.036448657,0.00346991,0.024072102,0.002361528
0.000792517,0.005704128,0.021121525,0.003849218
0.033309231,0.003020449,6.52E-05,0.002839783
-0.008575304,0.004970637,0.006645715,0.00245926
0.004360073,0.003479273,-0.005814693,0.00377622
-0.003670704,0.003900222,-0.025355155,0.004810198
0.039556249,0.003759482,-0.007162584,0.002815277
0.008713994,0.00656902,-0.021905523,0.003028771
-0.014069802,0.003919225,0.015079,0.00328394
-0.022662483,0.005136994,-0.000327647,0.000717519
-0.026295122,0.007109069,-0.01198031,0.004093495
0.0400015,0.003012144,0.015213257,0.003488436
-0.000166417,0.004129168,-0.014153775,0.002331722
0.014377744,0.003466226,0.01064261,0.006694157
0.016741366,0.003859583,0.010296346,0.002014182
-0.006637376,0.0040546,-0.027778753,0.003911343
-0.030529066,0.003007799,-0.002184169,0.003105224
0.012102344,0.004904008,0.022399994,0.00442991
0.027483815,0.00548417,0.024829813,0.003481164
-0.021311239,0.005222755,-0.009768266,0.004342835
-0.017356717,0.002011965,0.005299515,0.005969588
0.025935173,0.00389982,0.023088186,0.003418323
0.043563683,0.00301199,-0.021508406,0.004106254
-0.018154569,0.003429396,0.045606923,0.004208927
0.010902605,0.004083627,-0.011160441,0.003476646
-0.009144741,0.001944022,4.75E-05,0.003373689
-0.017048486,0.004397649,0.016847636,0.002795794
0.021803005,0.004874407,-0.017178675,0.004842392
-0.022365128,0.003855123,-0.003300868,0.003418115
0.000473734,0.006713109,-0.003066815,0.004645646
-0.040401421,0.004810181,0.001879321,0.005792327
0.00744276,0.005082198,-0.025999185,0.003200941
-0.000528291,0.002873734,-0.011717082,0.002926381
0.009062579,0.002435186,0.04194121,0.005765982
-0.030247905,0.003670233,-0.006927349,0.003291151
-0.000334291,0.005705947,0.050631994,0.006078568
0.03242024,0.005528428,-0.019303083,0.004634139
0.015240059,0.003786141,-0.003590938,0.00311936
-0.046410857,0.00656097,0.02970476,0.003485819
0.058850824,0.005642762,0.018218284,0.00364347
-0.026401509,0.00409538,-0.036392377,0.003538154
0.004986558,0.005824421,-0.018351048,0.003583409
0.037504337,0.004440775,0.015591968,0.002764418
0.004642681,0.004738119,-0.010003847,0.002652164
0.041386716,0.005940098,-0.007536208,0.003684891
-0.035055201,0.002913044,-0.017594461,0.002354861
0.015101193,0.003055631,-0.012352032,0.005955076
-0.007898967,0.005533085,0.036797648,0.005026399
-0.019154682,0.003595655,-0.002275699,0.002310626
0.003458542,0.005113313,-0.030762912,0.003807769
-0.037294136,0.003579605,0.002315647,0.003607585
0.014358958,0.00220984,0.01205696,0.003032439
-0.009418297,0.00522702,-0.028593538,0.003898338
-0.016516989,0.004557558,0.016853319,0.004429382
-0.020513493,0.003335472,-0.033107867,0.002575098
0.00751454,0.005081394,-0.027244195,0.00391441
0.000989664,0.003387812,0.003193803,0.0042407
-0.019387151,0.00415517,0.00445025,0.003608421
0.010905964,0.005863181,-0.014856247,0.004233497
-0.039473794,0.003569314,-0.021582371,0.004944256
-0.018267991,0.004648989,0.018759794,0.004724848
0.025517105,0.005203907,0.024450439,0.003591245
0.001872189,0.004513316,0.013270215,0.00412373
-0.012686291,0.002566392,-0.022312819,0.003967053
-0.000213407,0.002802489,0.018752476,0.002582816
0.000138983,0.005459525,-0.012120142,0.002473297
0.04135431,0.005728815,0.010578756,0.003720944
-0.024146696,0.002780573,0.003964674,0.002728042
-0.02117063,0.003244267,-0.016724195,0.003183038
0.035513811,0.005701984,0.015349772,0.004974617
0.037194902,0.006527136,0.001249306,0.002911677
-0.006162908,0.00423829,0.011838684,0.002684041
-0.003779383,0.006265611,0.019043643,0.002864663
-0.004109741,0.003250353,0.018867922,0.002273114
-0.019244506,0.002233603,-0.018455346,0.003967173
0.025984601,0.00248367,0.00164232,0.003998837
-0.029979916,0.004140864,-0.013750946,0.003986681
0.010017771,0.004896907,0.019195478,0.004951297
-0.000687933,0.006488279,0.016023105,0.00374295
0.000938363,0.006349861,-0.010877662,0.005983773
0.004674819,0.002559429,0.013573394,0.002602447
0.000449113,0.006109282,-0.034597744,0.005397859
0.025044481,0.004379257,0.011549826,0.00272266
-0.042078313,0.003387136,-0.049835413,0.005319968
0.038924366,0.003799924,0.0537344,0.002661309
0.010044165,0.005276755,-0.004901493,0.006443044
0.002280916,0.004619088,0.024285165,0.005341481
0.001427442,0.00679925,-0.026024293,0.00299724
0.020857861,0.004048922,-0.056264333,0.002456973
-0.010731984,0.003280382,0.034341254,0.005062736
0.002296296,0.005710972,0.03637225,0.004232344
0.021945895,0.003993973,0.015250101,0.004506053
0.024350131,0.003709024,0.006555676,0.004833708
-0.006544435,0.004466971,-0.009758332,0.003550697
0.016934533,0.002202574,-0.024517428,0.002525476
-0.006097676,0.003297397,0.009690987,0.003641548
-0.007191153,0.002733316,-0.003103599,0.003499472
-0.021934327,0.002627699,-0.007385331,0.004051065
0.004027205,0.005163109,0.000766622,0.001252603
-0.007488047,0.006113808,0.002830424,0.003267638
0.006928466,0.004829189,-0.005394687,0.002608282
-0.031122699,0.003513228,0.006812245,0.003659746
0.026946853,0.003701037,-0.011719081,0.004146303
0.036374082,0.005220606,0.016610679,0.002980517
-0.05879294,0.003895273,-0.004102915,0.00180604
0.007589314,0.003569267,-0.001660673,0.00246072
-0.009298323,0.004745132,-0.021282316,0.005301567
-0.017140819,0.003096366,-0.009649999,0.004252459
0.009405383,0.0018366,-0.009420151,0.002570678
0.029990253,0.003841093,-0.006770106,0.004916526
-0.031306917,0.002998488,0.016137948,0.005386688
0.004302863,0.00524988,-0.015896104,0.003702361
-0.044796859,0.004112023,0.008794524,0.004100385
0.042574594,0.006202802,-0.014864596,0.003893135
0.04136809,0.005780139,0.008359979,0.003104809
0.007363534,0.004005398,0.039751846,0.004191085
-0.024329467,0.00335966,-0.013829041,0.003238727
-0.023448748,0.004654378,-0.011298143,0.006800149
-0.052031477,0.002745999,-0.026258377,0.003319769
-0.013432796,0.003768563,0.003748364,0.004320404
0.026875978,0.003254855,0.030370498,0.004168721
0.014472323,0.004944749,0.010960123,0.001832172
-0.00383067,0.00326803,-0.026824069,0.003310041
-0.02785673,0.004620675,-0.027745599,0.00487534
0.031555437,0.005173907,0.007074144,0.003364956
-0.012072171,0.003154373,0.025103507,0.004766002
-9.20E-05,0.004447838,0.006498233,0.004869612
-0.020543209,0.003081038,-0.003669469,0.003046497
0.005458476,0.002676008,0.016897611,0.006904819
-4.48E-05,0.002135222,-0.001393286,0.004189975
-0.011128534,0.002771204,-0.039781046,0.00321962
0.03882871,0.005290464,-0.018009836,0.003879113
-0.034094037,0.003471169,0.008210841,0.002237503
0.019503078,0.004332294,0.014040452,0.004576281
0.047505374,0.004810737,0.034396587,0.002415092
-0.030203741,0.005655144,0.01079131,0.003653512
-0.01715252,0.00385445,-0.013977279,0.004086063
-0.001292363,0.003838541,-0.013693738,0.001570033
-0.006320498,0.004546415,0.011967829,0.003589307
-0.015144612,0.003660556,0.029108519,0.00381114
-0.008513788,0.003155428,-0.005777841,0.005251736
-0.022221443,0.003985194,-0.018480293,0.004417474
-0.036924296,0.003565402,-0.016777133,0.003877963
0.029840481,0.004543327,-0.000211308,0.003455249
0.012288555,0.004614261,-0.004922194,0.006612596
0.035550939,0.004227005,0.011024219,0.004308017
0.031108909,0.003975472,0.011641848,0.004711779
-0.012688668,0.002505056,-0.027127918,0.004798782
0.024958083,0.006667235,0.022431501,0.002949032
0.000902722,0.003476051,0.01676523,0.003606551
0.047918923,0.004070686,0.031194882,0.004215912
0.002636575,0.002279956,-0.009864634,0.003734371
-0.003524512,0.00330768,-0.015904582,0.001452047
-0.02232932,0.005422679,0.015278628,0.001901964
0.036124182,0.005391086,-0.01402393,0.002582633
-0.023841373,0.003863607,-0.000811273,0.003931394
-0.030024223,0.004298315,0.029471499,0.004758186
0.0119064,0.005053001,-0.009510234,0.003002455
-0.019000213,0.00450536,-0.033688764,0.005788222
-0.019807442,0.006889755,-0.00387078,0.004163636
0.024989963,0.0033507,-0.01309156,0.004498976
-0.014393928,0.00357407,0.006677075,0.003602738
-0.000246281,0.003394281,-0.016313743,0.002531118
0.00292202,0.005200322,0.014522245,0.002488627
0.005073775,0.004516326,0.03063038,0.003788871
0.002287777,0.001113562,0.001108085,0.002540423
-0.000109631,0.004363346,0.010515033,0.003381039
0.041378793,0.004712186,-0.011970027,0.005045984
-0.059914239,0.004005025,-0.000474405,0.002866213
0.001491881,0.003105924,0.002163093,0.002681708
-0.059225582,0.004514523,-0.020445526,0.003825193
0.014482595,0.004116307,-0.011948898,0.004024228
0.02603684,0.003670172,0.039487669,0.005014466
-0.01949012,0.005057229,-0.000130224,0.005684584
0.020858311,0.003848483,-0.009713059,0.002269512
0.009469835,0.004082159,0.035098808,0.003295775
-0.012135696,0.004188886,-0.024393368,0.003621231
0.038604712,0.002719492,-0.002560554,0.003208773
-0.020590017,0.003958261,0.000303841,0.002863024
-0.006666251,0.003905422,-0.014556594,0.00387531
-0.022910347,0.004962903,-0.008250624,0.004705869
0.039318818,0.003066045,0.012598153,0.004027715
-0.018423484,0.004581456,-0.022817282,0.005590901
-0.012313279,0.003988176,0.022760093,0.005156878
0.002945001,0.003425782,0.006973168,0.00360166
-0.023596904,0.005847025,-0.025574359,0.002614161
0.017610746,0.004213953,0.024037073,0.005009373
-0.031191042,0.005967899,-0.02889047,0.003520129
0.006308031,0.004246214,-0.001907983,0.003005587
0.014774724,0.003640573,-0.003324515,0.003865117
0.004467767,0.0031763,0.026276507,0.003843353
-0.001377411,0.004113945,-0.007077795,0.004649704
-0.013528637,0.005217717,0.007234551,0.004413617
-0.023802699,0.004084345,-0.008766922,0.004721795
0.019379499,0.003082282,0.028857727,0.002922855
-0.037465906,0.003798546,-0.030494624,0.004349511
0.014306248,0.003301039,-0.031672785,0.003287132
0.059926524,0.004461964,0.020690688,0.003336113
0.016671113,0.005002926,0.004038639,0.004104191
0.034647424,0.004029441,-0.018647476,0.004348199
0.027182927,0.004103395,0.002894544,0.003122999
-0.013125795,0.004118958,-0.007298305,0.00204852
0.04784238,0.004115046,0.01452581,0.003322675
0.01039184,0.003937522,0.026739084,0.005834362
0.004139067,0.003701481,-0.022591342,0.004976486
-0.036357758,0.005259519,-0.021229035,0.002901227
-0.030049238,0.005020043,0.008156387,0.005147236
-0.000250432,0.004764184,0.00836536,0.002617413
-0.018882624,0.004788329,-0.022107714,0.002710101
0.022645338,0.003631028,0.017004582,0.002337846
-0.049792712,0.006751831,-0.023142923,0.003117228
-0.002903513,0.002536549,0.014487071,0.004246838
0.018772781,0.002556154,0.003922219,0.004403778
-0.000242203,0.006161026,0.031053418,0.003678645
0.030305959,0.004971349,0.024098343,0.002720628
-0.021042617,0.003789168,0.021887102,0.003702586
0.017096182,0.00407644,-0.009917567,0.003228256
0.019697397,0.002177744,-0.013136607,0.003263967
-0.001910142,0.00402668,-0.010932201,0.003603876
0.027794956,0.00247279,0.00200477,0.002818478
0.034571766,0.002972976,-0.006445257,0.004538511
0.005892932,0.004787002,-0.002349355,0.003012553
0.013496219,0.004170873,0.008654289,0.004937851
-0.005129904,0.003451198,-0.02928828,0.003900607
-0.039233036,0.003294896,0.000805531,0.002619075
-0.002444102,0.005002485,0.013317186,0.004111009
-0.009783449,0.002838973,0.007459399,0.001550828
-0.045829609,0.005505464,-0.014211831,0.002425825
-0.017203832,0.003696264,0.003161522,0.003407574
0.015256751,0.005051998,-0.011840032,0.002666258
0.003401194,0.003496129,-0.012617597,0.002846163
0.030231562,0.004005332,-0.000454313,0.004280514
0.004377028,0.004701914,-0.004959348,0.003666423
0.004341943,0.003386142,0.022124684,0.003698864
-0.023415074,0.00454081,0.004486513,0.002913509
0.011651487,0.004031647,-0.006046126,0.003662037
-0.004880178,0.002837666,0.00963264,0.004187787
-0.013514215,0.004285094,-0.022984585,0.004156388
-0.011131148,0.004116645,-0.005685725,0.003300397
-0.009936289,0.003992077,0.01498314,0.003240383
0.022240863,0.002791382,0.026413395,0.00338828
0.00528629,0.002544231,0.008749033,0.004215866
-0.013871643,0.004048433,-0.02309312,0.002097649
-0.02197194,0.00488835,0.036321207,0.003522723
0.009432848,0.004867347,-0.012750396,0.004170202
-0.002756018,0.007795798,-0.034671698,0.006243808
0.017592668,0.003007725,-0.022601463,0.003958456
0.032547873,0.003391742,-0.014774992,0.003347046
-0.085038072,0.00332113,0.011918884,0.003631879
0.011174159,0.002266682,0.016488642,0.005157989
-0.016214412,0.004471316,0.001932167,0.004353588
0.007901902,0.003787419,0.012034149,0.003397191
0.025905147,0.005538327,0.03525873,0.002792504
-0.029558087,0.004135575,-0.016709452,0.003895725
-0.002111366,0.00364533,-0.019776735,0.003131242
-0.02817029,0.002829591,-0.019360322,0.004640129
0.003430423,0.003089737,0.001150986,0.005939942
0.007294238,0.004249318,-0.01437202,0.004390392
0.02711133,0.002772377,0.035171542,0.004192226
0.010455768,0.003045744,-0.025250032,0.004054231
-0.01517933,0.003852001,0.013388797,0.002169045
0.000665656,0.003289177,-0.010956127,0.003306486
-0.02495748,0.004907922,-0.001252792,0.00350215
-0.021532419,0.004119343,0.013985043,0.003813609
0.013369989,0.002751179,-0.011868491,0.003276222
-0.018129602,0.002747618,-0.011158859,0.003804278
0.014140625,0.004309967,0.024569738,0.005560887
-0.023394662,0.003938975,0.007008362,0.002221442
-0.027563011,0.003739894,-0.048031049,0.005137912
-0.007296601,0.004274394,0.000411047,0.003297556
-0.028954649,0.003693676,-0.00568681,0.004806555
0.026891487,0.003939855,-0.007471731,0.003791581
0.008761043,0.003761082,-0.007029497,0.005146801
0.008544576,0.002899417,0.014817227,0.004277794
0.054020424,0.00668689,0.027856631,0.002036571
0.015542119,0.003473841,-0.0270227,0.004382101
0.011076197,0.004627368,-0.009147528,0.002827891
0.020652175,0.004227914,0.073763941,0.005030493
0.070234503,0.004663714,-0.038847208,0.004446622
-0.002287979,0.004812234,0.022826716,0.003548158
-0.003529737,0.003906984,0.003117359,0.00330034
-0.038074447,0.005765295,0.000529626,0.002493149
0.001826465,0.004264671,0.023444965,0.004075942
-0.012569441,0.00395317,-0.001444459,0.003310234
-0.001053963,0.004123085,-0.011870588,0.004552616
0.032001338,0.004194565,0.010512922,0.002088352
0.008358804,0.004760264,0.005643751,0.005204432
-0.032552759,0.004058077,-0.017125458,0.00427111
-0.03806474,0.006295938,-0.009276218,0.002232724
0.012063822,0.006643386,0.005931404,0.005203281
-0.017301718,0.006391875,0.006244169,0.0028543
0.004895683,0.003554803,0.00652282,0.002121698
0.032912674,0.002564719,0.001532683,0.004005229
-0.003422741,0.003266969,1.82E-05,0.003177174
-0.044918625,0.004342951,0.023878907,0.006030779
0.05586145,0.001630525,-0.001963685,0.003532606
-0.00962582,0.002803865,0.007504435,0.003926483
-0.028716008,0.004723262,-0.009363441,0.002499993
0.021139839,0.003738179,0.007869306,0.002530338
0.015233599,0.00282294,-0.00909649,0.003697643
0.042031883,0.004436204,0.027212472,0.003408811
-0.054451638,0.004737993,-0.010984134,0.003248086
0.014590861,0.004011817,0.004888486,0.004765467
-0.002896557,0.004081278,0.01149651,0.00433378
-0.012676629,0.005076616,-0.024301794,0.003594711
0.029016049,0.004467839,-0.001668138,0.003379256
-0.021519429,0.004971998,0.035481692,0.003711736
-0.003405048,0.004239014,-0.0279721,0.003405223
-0.017094772,0.003972792,-0.035807284,0.002612302
-0.002456723,0.004215068,-0.013334654,0.003631811
0.024341755,0.00410517,0.025147527,0.004428445
-0.011437379,0.004114173,-0.033121154,0.003812929
-0.033285413,0.00349515,-0.01087893,0.003949531
-0.008319906,0.003233342,-0.003642423,0.001615593
-0.007033594,0.003962584,0.001523111,0.00237648
-0.04354769,0.002326243,-0.012673976,0.003398756
0.053781013,0.004278522,4.98E-05,0.003527258
-0.019544725,0.003571953,-0.030036165,0.003400045
-0.031685472,0.003547827,-0.001530039,0.003505244
0.008041722,0.003579392,0.02231268,0.003331424
0.02096222,0.002945388,-0.01526232,0.002718904
-0.002119176,0.002765588,0.015820094,0.004200558
0.005113057,0.00438062,-0.00635092,0.002603492
0.029735766,0.006309136,-0.026014547,0.002231498
-0.036261144,0.002714032,0.011616293,0.004042279
0.020093323,0.00361164,0.043260599,0.007796856
0.01744176,0.00318434,0.030394403,0.001269411
0.011778106,0.0031658,-0.00313921,0.003226892
0.004640538,0.005009099,0.013239843,0.002324545
0.023616257,0.004685201,0.006899416,0.00178937
0.001744523,0.003946404,-0.015438351,0.003070638
-0.023852,0.002704943,-0.006207601,0.004634363
-0.019094871,0.00524314,0.016692225,0.002151166
-0.000601315,0.005115414,-0.02520963,0.00565355
-0.005118091,0.004582976,-0.02937891,0.003586397
-0.016618471,0.004928925,0.013020827,0.004434167
0.007022546,0.003514766,0.028200507,0.004900076
0.0028399,0.004197773,-0.017190029,0.004241962
0.013165025,0.006384406,-0.009792387,0.00367615
-0.02251578,0.005700154,-0.002969543,0.003936313
-0.010692856,0.004708177,0.003168369,0.002417814
0.053862175,0.004038633,0.025889644,0.005637247
0.033690732,0.004910193,0.106490968,0.00509957
0.010268341,0.004760368,-0.044691477,0.004249228
0.011281754,0.007017319,-0.057608543,0.001786388
0.011858566,0.005172165,0.036382681,0.002489124
-0.009759277,0.004182779,0.0442156,0.004725427
0.017530104,0.003544503,-0.023608758,0.003692342
0.012317473,0.003370128,-0.023757188,0.003722815
0.033825898,0.004468828,-0.012246988,0.003291839
0.066735827,0.003950029,0.053125495,0.004301134
-0.089086086,0.003043055,-0.022925775,0.004254175
-0.035427291,0.003824967,-0.008070672,0.00294904
0.01597712,0.004770081,-0.009146341,0.004198775
-0.015464186,0.003067929,-0.005545579,0.001731601
-0.026185298,0.00404537,-0.014587071,0.003143197
-0.017774378,0.003182704,-0.00765907,0.002809637
0.007929758,0.005694155,0.022214898,0.003893677
0.052955836,0.004632444,0.023158426,0.003715425
-0.04217098,0.004099731,0.011852535,0.005566991
-0.020076925,0.003538233,-0.006072338,0.003155197
0.026969302,0.004060517,-0.011539591,0.002807982
-0.05761055,0.005140402,-0.071535188,0.004541017
0.020140505,0.003871032,0.022843433,0.002385309
0.028806041,0.003483981,0.061283838,0.0055758
-0.056071529,0.003711667,-0.042014608,0.003002531
-0.003864955,0.005435113,-0.015196585,0.003624967
0.054066332,0.002542833,0.018415734,0.004750531
0.017219869,0.002736983,0.00544547,0.00257637
0.008242816,0.004114225,0.023419327,0.003297145
-0.035718152,0.005165528,-0.026970707,0.003920986
0.011473182,0.002744124,-0.007402263,0.002469277
-0.009729976,0.002419784,0.002153816,0.003502862
-0.008621393,0.00382423,-0.023497853,0.004833485
0.05768717,0.006545694,0.021205643,0.003425413
-0.036284321,0.005511052,-0.037571922,0.00521603
-0.028547939,0.002825605,-0.041069747,0.003231314
-0.006708807,0.005907063,0.037059313,0.003899728
-0.038397417,0.006632399,0.010468804,0.00364816
-0.008710339,0.003782167,-0.008661127,0.002897885
0.03032125,0.00465073,0.036209174,0.005843623
-0.027239561,0.003650356,-0.008312292,0.003956637
-0.017146773,0.004278192,0.013380118,0.004857901
0.001304476,0.004286041,-0.026267931,0.003871102
-0.010378871,0.004376663,-0.009412251,0.003770868
0.003464565,0.004050128,0.00166024,0.00465105
0.045064134,0.006020387,-0.028485336,0.004879471
-0.024656681,0.004025358,-0.009810311,0.005760593
-0.002739389,0.003405638,0.006646368,0.003166704
0.024132531,0.003794481,0.034542609,0.004184033
0.000904691,0.006709495,0.023399445,0.004320225
-0.004255371,0.004866975,0.010253444,0.002466344
-0.027516482,0.002561722,-0.008965117,0.003036232
0.010324096,0.005620007,0.000894783,0.000848866
0.027437572,0.006060188,-0.017342237,0.0044686
-0.0048084,0.003040731,-0.012856947,0.004126146
-0.022094977,0.005519287,-0.003586328,0.004846311
0.008176426,0.005136491,-0.016647857,0.002147128
-0.015930206,0.007787802,-0.027174252,0.003740035
0.02788886,0.003331539,0.02061266,0.003899583
-0.02372249,0.00613362,-0.016215176,0.003089972
-0.019372261,0.006332385,0.003286829,0.002597771
8.96E-05,0.003177584,0.001816745,0.001487839
-0.009908056,0.003599112,0.011694205,0.00474351
0.022109078,0.00416681,0.003609292,0.002166027
0.055785446,0.004549821,0.038713534,0.005138492
0.220266771,0.006676488,0.264950692,0.006999002
-0.072540812,0.005906238,-0.023123249,0.005977053
-0.072204661,0.003622102,-0.10114654,0.002437347
0.06971713,0.006084844,0.033573579,0.004976842
-0.027556114,0.005893415,-0.013586428,0.003027317
0.007877202,0.004446558,-0.005705654,0.005125038
-0.010854477,0.004761619,-0.001654005,0.003067964
-0.041908942,0.00267705,-0.039211335,0.004965227
-0.005236597,0.004971485,-0.010441677,0.00279442
-0.016259673,0.00601906,-0.026533836,0.001792184
0.013031917,0.005434693,-0.035639292,0.002163079
-0.05639524,0.006987887,-0.041100941,0.003356216
-0.009526507,0.003838444,0.000894783,0.000848866
-0.036517957,0.003745083,-0.040026731,0.004394425
-0.028875842,0.003322139,-0.002071035,0.004871711
0.117363464,0.006348714,0.104000168,0.004436692
-0.029259658,0.004885646,-0.038798363,0.003132784
0.022059419,0.008004656,0.005405276,0.004501958
-0.037638435,0.004825546,0.009561477,0.004228405
-0.033490998,0.003833536,-0.010361411,0.004877739
-0.047414241,0.003859224,-0.047991261,0.004812799
0.012456124,0.004159128,0.008708876,0.004796727
0.096442485,0.003819317,0.040014432,0.004593873
-0.037332497,0.00296553,-0.023015445,0.003873574
-0.017291838,0.005336629,-0.027777511,0.004078514
0.077153173,0.003526891,0.067858967,0.004094988
0.050379568,0.00628764,0.026476238,0.003614154
-0.060891116,0.003877485,0.003591801,0.003731713
-0.029075276,0.002790606,-0.035712889,0.002541998
-0.030061125,0.003916766,0.000237859,0.004136792
-0.032081378,0.004976239,-0.04134316,0.002448857
0.049909014,0.004526576,-0.002403556,0.006307105
0.13448744,0.005169518,0.100123136,0.002944993
-0.074600054,0.004066498,-0.053949089,0.003308006
-0.036741685,0.00356604,-0.048015725,0.003074894
0.006648192,0.004575513,0.025976454,0.007179318
-0.003038498,0.005009674,-0.007518165,0.003457948
-0.017538724,0.002410532,-0.050841918,0.004587294
0.055639454,0.003742337,0.070786012,0.005988334
-0.040888649,0.002189469,-0.022591241,0.00456739
-0.015998004,0.003375969,-0.030260711,0.003173661
-0.039817522,0.003539602,0.016860292,0.001762
0.033918521,0.002461527,0.004609186,0.003287539
-0.030411778,0.003236427,-0.019461398,0.004195272
0.014303247,0.003099822,-0.026610054,0.002235666
-0.044253437,0.003598783,-0.044347262,0.002363609
-0.07488049,0.005459528,-0.017891821,0.001700257
0.113142919,0.003341564,0.108069193,0.006378903
0.01178137,0.004650189,-0.039488223,0.004207273
-0.029792083,0.004261026,-0.009399872,0.002226742
0.006854658,0.005188955,0.000834697,0.002982556
0.005127418,0.003356752,-0.011131479,0.00308045
-0.022790101,0.004339514,-0.005983848,0.002951114
0.0301161,0.004586715,-0.013253173,0.004380836
-0.016033196,0.004873522,0.009487964,0.002894665
-0.040569656,0.005720265,-0.010356383,0.00401263
-0.046882275,0.004932466,-0.014771274,0.003676194
0.051186494,0.004051176,0.005806336,0.00423248
-0.008112348,0.003966403,0.030741121,0.003959476
-0.004326537,0.004762326,-0.017025776,0.005280869
-0.026206878,0.004567225,0.008710603,0.005454163
0.006059315,0.003291911,0.047767856,0.005996345
-0.006758716,0.005877734,-0.019679251,0.005223725
0.106132621,0.004629606,0.035173981,0.003795806
0.265811765,0.004412711,0.266688798,0.0045381
0.007220285,0.004348046,0.003324548,0.003081342
0.008002076,0.003766683,-0.046778094,0.006059716
0.056241797,0.003124218,0.06355199,0.002992606
-0.021312688,0.007216137,-0.018022283,0.003931383
-0.048497927,0.003418855,-0.01722349,0.003089014
-0.050648531,0.003251642,-0.004053141,0.005334535
-0.034414384,0.004003505,-0.04176802,0.005130213
0.039616705,0.002943898,-0.027543048,0.005879137
-0.069484411,0.004596303,-0.022289878,0.003570004
-0.028177663,0.003632293,-0.071324474,0.003084025
-0.081684754,0.003856767,-0.01760869,0.003738561
-0.025262414,0.002396218,-0.010564964,0.003259047
0.046022345,0.003170233,0.015129331,0.004643198
-0.079210626,0.006049416,-0.022935621,0.004423391
0.106452437,0.007523856,0.056428397,0.008146371
-0.022825527,0.006011691,-0.03664829,0.006127641
-0.012803222,0.004387652,0.016698838,0.003799978
-0.032113273,0.002676603,-0.002130663,0.007533331
-0.033056934,0.002732145,-0.052999587,0.002974656
-0.013576536,0.004474186,-0.068597899,0.001808947
-0.018186596,0.002784081,-0.01535666,0.005698174
0.090914102,0.003772154,0.035303191,0.006083051
-0.026240267,0.002609135,-0.012440502,0.004976696
0.01739018,0.00356356,0.036193409,0.004478287
0.065176057,0.002739406,0.043970703,0.006174448
0.063219052,0.004647881,0.037432337,0.004694167
-0.020591022,0.003590461,0.001037953,0.006289944
-0.070093877,0.00469564,-0.005351051,0.005374896
-0.046576931,0.001658457,-0.018767349,0.004415837
-0.036328477,0.004241455,-0.018183505,0.002727777
-0.007700459,0.003415332,-0.052872499,0.004737391
-0.000375028,0.005348583,0.000633885,0.004715458
-0.047212887,0.003140375,-0.028625584,0.004321094
-0.000904814,0.004356494,0.000311242,0.004159934
-0.036915985,0.005662187,-0.055570716,0.005472475
0.018418647,0.005631713,-0.010972671,0.002229438
-0.006052284,0.003026859,0.064079527,0.003523139
0.069564602,0.003905433,0.001389835,0.003140916
-0.009668493,0.003963333,0.009495068,0.004113237
0.028649366,0.003917394,0.03020214,0.003534438
0.008381488,0.004487413,-0.031834932,0.004733348
0.033803366,0.003118459,0.010125109,0.002401372
0.018383438,0.003891439,0.017694936,0.004555914
-0.030125353,0.005272514,-0.007882213,0.001985675
-0.089057699,0.003818698,-0.058167541,0.006755091
-0.015880208,0.005077855,-0.001359966,0.003555307
-0.016961411,0.003490452,-0.006586593,0.004346136
0.014518233,0.003124831,-0.015442671,0.002889536
-0.012280119,0.004681569,-0.023661518,0.002561043
-0.034594978,0.003286755,0.002681259,0.004209328
-0.018148548,0.004273263,-0.016294627,0.00357595
-0.097275877,0.003680373,-0.008840597,0.0030791
-0.021975874,0.00389598,-0.042197398,0.004827447
-0.04899964,0.004880687,-0.018609157,0.00345103
0.063478187,0.003497273,0.033278874,0.003498638
-0.006921374,0.005309999,-0.024354575,0.003067144
-0.07172382,0.006318179,-0.044561686,0.003380944
-0.029978576,0.006906008,0.003588777,0.002203401
-0.033972657,0.004414736,-0.015657783,0.003060052
0.01849675,0.003492306,-0.00706228,0.002156728
0.122756518,0.003214381,0.035538665,0.005404155
-0.024403995,0.004977732,-0.004285025,0.003651406
0.269698744,0.003050787,0.220648426,0.009619462
0.13389837,0.00562013,0.015387549,0.002896544
0.017787825,0.004855668,8.77E-05,7.47E-05
0.110488502,0.003882873,0.06748924,0.004666853
-0.005045254,0.003732799,0.132267203,0.006614068
-0.048619217,0.004610355,-0.003725297,0.002533068
0.018021858,0.004633234,1.62E-05,0.00417544
-0.032317181,0.005313896,-0.022416466,0.003268295
-0.002161402,0.003984739,-0.006138148,0.005231852
0.036996283,0.004743911,-0.029689055,0.005109414
-0.024062788,0.004847929,-0.012674369,0.002627694
-0.094254969,0.00324893,0.023426996,0.006188493
0.021710485,0.006213725,-0.026979827,0.004707691
-0.014542827,0.004024826,-0.002205178,0.001387196
-0.072020683,0.005182767,-0.040175078,0.004563004
0.001974945,0.004493501,-0.008333922,0.004235491
0.052708894,0.004829153,-0.010598762,0.005076614
0.001531153,0.004333965,0.006958672,0.002724402
-0.04794505,0.002839725,0.007529372,0.003139004
-0.020129343,0.003977751,-0.031288808,0.00210738
-0.047203214,0.00545424,-0.089632685,0.0032936
-0.087210122,0.00528732,-0.019914752,0.002833327
0.045536332,0.004242925,-0.00961128,0.004583499
-0.046465071,0.003966774,0.059594032,0.002348732
-0.006573821,0.003759477,-0.040766019,0.003511414
0.065792322,0.003240168,0.004368125,0.005186458
0.06015483,0.003979754,-0.008770816,0.001811032
0.011005034,0.00463183,0.016471245,0.005272634
-0.076121654,0.003987856,0.001962174,0.004877478
-0.050283454,0.004644161,-0.000246064,0.003440749
-0.001960659,0.003155988,-0.001228651,0.003929412
0.043241106,0.002713891,-0.02932463,0.003713016
0.00215805,0.003864309,0.019364766,0.005082997
-0.001338582,0.004438172,0.041437407,0.005809472
0.015502439,0.006922546,-0.020631359,0.003761528
0.056882355,0.004067474,0.041010412,0.003504621
0.007688665,0.003596144,-0.047318534,0.008353037
-0.029488979,0.002982558,-0.031082725,0.003972153
0.044363129,0.005075297,0.029539561,0.005223546
0.055835616,0.003562013,-0.000261565,0.000181154
-0.138360452,0.004096896,-0.052911064,0.004531649
0.020336125,0.003832186,0.038000754,0.002692545
0.007786638,0.005103541,-0.011205555,0.002583363
0.011385987,0.005367216,-0.042648259,0.003949738
-0.000642571,0.007153004,-0.004325191,0.002121977
-0.079933402,0.006037993,-0.006161488,0.001957303
-0.065997649,0.0050792,-0.042369031,0.003676637
0.002782413,0.004700658,0.014855583,0.00335421
0.025283643,0.004289855,0.019141353,0.004423953
0.020154931,0.003448157,0,0
-0.115993165,0.00590676,0.005146554,0.001660355
-0.035803372,0.003874406,-0.041164125,0.004140793
0.024656711,0.005600636,0.005157063,0.004533537
0.012997798,0.004189442,-0.035904335,0.006400675
-0.044613065,0.004013071,-0.026666313,0.003263922
0.027326504,0.004339882,0.024418283,0.003128123
0.037432997,0.003606574,0.011885472,0.004755297
-0.036567044,0.003624064,-0.028785981,0.004067234
-0.041848079,0.004056988,0.002790521,0.003240308
-0.078667177,0.004638801,-0.000504667,0.004745768
0.001258994,0.003999547,-0.02026399,0.004016025
0.127874896,0.004930492,0.051921161,0.005713777
0.026598091,0.00367078,-0.012644075,0.003164654
0.034843668,0.004248334,0.015688093,0.002778814
0.162172655,0.006206042,0.162652553,0.006279319
0.018072063,0.00477253,0,0
0.078890065,0.002776045,0.004744225,0.004233844
0.127379499,0.003882235,0.059039403,0.003882169
-0.070095755,0.004439801,0,0
-0.100224843,0.005119766,0,0
0.063355498,0.002903805,-0.002596824,0.002659356
-0.061077713,0.002883138,-0.005270879,0.00240488
-0.032700893,0.003801366,0,0
0.037154736,0.004376258,0.001159876,0.001391608
0,0,0.01497432,0.003899838
0.055847368,0.003624972,0.019912523,0.002693309
0.018436039,0.006947186,0,0
-0.027580358,0.00539098,0,0
-0.066073278,0.005647991,-0.0324496,0.00241535
0.079685558,0.002826703,0.032922647,0.003196896
-0.005935014,0.004202504,0,0
-0.007674457,0.003986193,0,0
-0.003408617,0.001856064,-0.008021555,0.004970851
-0.101885648,0.001688308,-0.082605554,0.005030475
-0.039351799,0.003291402,0,0
-0.084097192,0.003624757,0,0
0.1837191,0.004044928,0.011969605,0.003232334
-0.008682712,0.003933926,-0.007975417,0.002850754
-0.027630944,0.004466292,-0.010716024,0.001364997
0.042159679,0.00395869,-0.000261565,0.000181154
0,0,0.15166976,0.004535099
0.001224206,0.00277669,-0.090073912,0.004451055
-0.039004016,0.004655937,0,0
0.000414322,0.003214561,0,0
-0.040341633,0.003778502,-0.006622706,0.004455081
-0.051946106,0.004402583,-0.081307054,0.00347502
-0.017789261,0.004359514,0,0
0.09300273,0.004483696,0,0
0.046773581,0.002949941,-0.008018341,0.002361173
-0.028313289,0.002134642,-0.008087815,0.003149949
-0.024905334,0.002827636,0,0
0.011495893,0.003738952,-0.008770816,0.001811032
-0.014264502,0.004629473,-0.021089403,0.00506636
0.004435498,0.002236019,0,0
0.000363712,0.005557333,0,0
0.013390715,0.003874218,-0.006925509,0.001305697
0,0,0.033746791,0.00454137
-0.146479039,0.003051645,-0.014785789,0.005558898
-0.017442801,0.004704173,-0.015290179,0.002636623
0.000586419,0.003121981,0,0
-0.077179545,0.003961,-0.071982625,0.003093414
0.018492748,0.003096948,0.034987398,0.003287346
0.004305632,0.003947139,-0.012611607,0.003366949
-0.033433622,0.005907649,-0.010826348,0.001440208
0.01410105,0.003715962,0.025900048,0.00396444
0.015840642,0.00304404,0.02823473,0.002749044
-0.013392857,0.002796867,0,0
-0.002678961,0.005132831,0,0
-0.145580484,0.00521589,-0.048024677,0.007967899
0.02418356,0.005690213,-0.048392157,0.003797085
0.010694983,0.003206326,0,0
0.039332763,0.003933113,0,0
0,0,-0.034730724,0.001971114
0.068759891,0.002605127,0.027615848,0.003246613
-0.025250521,0.005726867,0,0
-0.033817462,0.004589171,0,0
0.016699116,0.00427551,-0.005411813,0.001862575
0.259785535,0.003877946,0.195971722,0.003848099
-0.000343947,0.006316536,0,0
0,0,0,0
0,0,0,0
0.069966715,0.002600882,-0.010826348,0.001440208
0,0,0,0
0,0,0,0
0,0,0,0
0.136356078,0.00257014,0.014604377,0.00276392
0,0,0,0
0,0,0,0
0,0,0,0
0.013021204,0.002599436,-0.003419237,0.001318619
0,0,0,0
0,0,0,0
0,0,0,0
-0.147745745,0.002282972,0,0
0,0,0,0
0,0,0,0
0,0,0,0
-0.175505102,0.002437848,-0.008770816,0.001811032
0,0,0,0
0,0,0,0
0,0,0,0
0.087229612,0.002416355,-0.0597413,0.00328082
0,0,0,0
0,0,0,0
0,0,0,0
-0.041141367,0.002146184,-0.061638453,0.000848967
0,0,0,0
0,0,0,0
0,0,0,0
-0.049273142,0.003184986,-0.010716024,0.001364997
0,0,0,0
0,0,0,0
0,0,0,0
0.132037893,0.002680349,-0.006027199,0.00146142
0,0,0,0
0,0,0,0
0,0,0,0
0,0,0.165660147,0.003348166
0,0,0,0
0,0,0,0
0,0,0,0
-0.020647574,0.002124082,-0.05733133,0.000742393
0,0,0,0
0,0,0,0
0,0,0,0
-0.0632613,0.00524669,-0.015290179,0.002636623
0,0,0,0
0,0,0,0
0,0,0,0
-0.060397079,0.002586432,0,0
0,0,0,0
0,0,0,0
0,0,0,0
-0.16689534,0.002919381,-0.116466744,0.003190317
0,0,0,0
0,0,0,0
0,0,0,0
0.306017736,0.00187197,0.182574712,0.002982086
0,0,0,0
0,0,0,0
0,0,0,0
-0.01976259,0.005748312,-0.012611607,0.003366949
0,0,0,0
0,0,0,0
0,0,0,0
0,0,0,0
0,0,0,0
0,0,0,0
0,0,0,0
0,0,0,0
0,0,0,0
0,0,0,0
-0.033897572,0.001171702,-0.025624362,0.00170801
0,0,0,0
0,0,0,0
0,0,0,0
0,0,0,0
0,0,0,0
0,0,0,0
0,0,0,0
0,0,0,0
0,0,0,0
0,0,0,0
0,0,0,0
0,0,0,0
0,0,0,0
0,0,0,0
0,0,0,0
0.05669035,0.001162745,0.004056479,0.002068644
0,0,0,0
0,0,0,0
0,0,0,0
0,0,0,0
0,0,0,0
0,0,0,0
0,0,0,0
0,0,0,0
0,0,0,0
0,0,0,0
0,0,0,0
0,0,0,0
0,0,0,0
0,0,0,0
0,0,0,0
0.257249999,0.000886211,0.060185693,0.002776057
0,0,0,0
0,0,0,0
0,0,0,0
0,0,0,0
0,0,0,0
0,0,0,0
0,0,0,0
0,0,0,0
0,0,0,0
0,0,0,0
0,0,0,0
0,0,0,0
0,0,0,0
0,0,0,0
0,0,0,0
-0.280042777,0.002048361,-0.03861781,0.004679236
0,0,0,0
0,0,0,0
0,0,0,0
0,0,0,0
0,0,0,0
0,0,0,0
0,0,0,0
0,0,0,0
0,0,0,0
0,0,0,0
0,0,0,0
0,0,0,0
0,0,0,0
0,0,0,0
0,0,0,0
0,0,0,0
0,0,0,0
0,0,0,0
0,0,0,0
0,0,0,0
0,0,0,0
0,0,0,0
0,0,0,0
0,0,0,0
0,0,0,0
0,0,0,0
0,0,0,0
0,0,0,0
0,0,0,0
0,0,0,0
0,0,0,0
0,0,0,0
0,0,0,0
0,0,0,0
0,0,0,0
0,0,0,0
0,0,0,0
0,0,0,0
0,0,0,0
0,0,0,0
0,0,0,0
0,0,0,0
-0.297175915,0.003488918,0,0
0.242068914,0.001032083,0,0
0.108210991,0.001923501,0,0
-0.05310399,0.001259158,0,0
0,0,-0.211497867,0.003840974
0,0,0.017012206,0.00181937
0,0,0.115861124,0.001752897
0,0,0.078624537,0.001443928
0,0,0,0
0,0,0,0
0,0,0,0
0,0,0,0
0,0,0,0
0,0,0,0
0,0,0,0
0,0,0,0
0,0,0,0
0,0,0,0
0,0,0,0
0,0,0,0
0,0,0,0
0,0,0,0
0,0,0,0
0,0,0,0
0,0,0,0
0,0,0,0
0,0,0,0
0,0,0,0
0,0,0,0
0,0,0,0
0,0,0,0
0,0,0,0
0,0,0,0
0,0,0,0
0,0,0,0
0,0,0,0
0,0,0,0
0,0,0,0
0,0,0,0
0,0,0,0
0,0,0,0
0,0,0,0
0,0,0,0
0,0,0,0
-0.013746649,0.005837034,0,0
-0.089409089,0.003837179,0,0
-0.124245392,0.006182688,0,0
-0.069774784,0.003621066,0,0
0.32002649,0.002460882,0,0
-0.082777787,0.001548276,0,0
-0.007623441,0.002063947,0,0
0.012443652,0.001645482,0,0
-0.24868029,0.004414735,0,0
0.269356039,0.004063882,0,0
0.026411635,0.002511428,0,0
0.061123607,0.002693311,0,0
-0.044592368,0.002833485,0,0
0.053735078,0.002810234,0,0
-0.098524683,0.002614434,0,0
0.036277982,0.003360542,0,0
0,0,-0.064457619,0.002986619
0,0,-0.026709358,0.001549944
0,0,-0.080533383,0.002769824
0,0,-0.039797507,0.002293532
0,0,0.103780981,0.002342473
0,0,-0.144856677,0.006247428
0,0,0.082475587,0.004269617
0,0,-0.024387684,0.002999689
0,0,-0.075935585,0.001912633
0,0,0.138614794,0.002243372
0,0,-0.009084848,0.002526543
0,0,0.062266763,0.001911373
0,0,0.045306167,0.002604673
0,0,0.0459661,0.005696585
0,0,-0.125599359,0.003740987
0,0,0.112951629,0.004896384
0,0,0,0
0,0,0,0
0,0,0,0
0,0,0,0
0,0,0,0
0,0,0,0
0,0,0,0
0,0,0,0
0,0,0,0
0,0,0,0
0,0,0,0
0,0,0,0
0,0,0,0
0,0,0,0
0,0,0,0
0,0,0,0
-0.006376068,0.006260394,-0.016294643,0.002828751
0.03626298,0.003146401,-0.012053224,0.002233502
-0.031535479,0.004744885,-0.027679321,0.001905899
-0.012098081,0.002901057,-0.008430431,0.002746931
-0.008286087,0.00592306,-0.000671113,0.000636673
-0.071447598,0.004975923,-0.018664197,0.001781256
-0.027101929,0.002995711,0,0
0.017426525,0.003868505,-0.007374049,0.002011746
-0.058658946,0.004536521,-0.042841014,0.005595252
0.00668212,0.004520544,-0.008289164,0.002616268
-0.017912283,0.004205676,-0.002481471,0.001839206
-0.054356283,0.006525491,-0.026921734,0.003704904
-0.013392857,0.002796867,-0.018415179,0.002233538
-0.029091049,0.002995726,0,0
-0.036406224,0.00414127,0,0
0.009115346,0.002205046,-0.021382328,0.002860169
0.238142337,0.002772434,0.095289507,0.004240275
0.055556128,0.002652369,-0.004393205,0.00380238
-0.0767697,0.00319916,-0.014164053,0.004200233
0.103097725,0.002900021,0.027048732,0.004053732
0.085780158,0.003947234,-0.02078983,0.005143784
-0.112087915,0.0047603,-0.034914096,0.004470357
-0.050516895,0.003644467,-0.052501122,0.005483997
-0.005953136,0.002689111,-0.036651629,0.005175245
0.039226984,0.002836257,-0.007458595,0.005316649
0.036352943,0.003135894,0.093802042,0.004074801
-0.051619166,0.004883914,0.027774748,0.003849102
-0.031584201,0.002966785,-0.031642608,0.003090458
0.034238853,0.004899969,-0.001162543,0.002455482
-0.028657638,0.003871107,-0.031446437,0.003927564
-0.119460982,0.002288526,-0.009454685,0.003798491
0.126323419,0.002969693,0.017675981,0.004662367
-0.037097616,0.005022704,0.071842689,0.003669991
-0.101576343,0.006634125,-0.096978378,0.005285507
-0.006235297,0.006057519,0.007660859,0.003610039
-0.103771034,0.004862503,-0.058460754,0.003632791
0.033864461,0.003489129,-0.006583143,0.003595326
0.037063372,0.004839061,-0.062510455,0.00194863
0.08748254,0.004907146,0.037738182,0.003724477
0.110945666,0.004127332,0.16997021,0.002772867
-0.107388811,0.002353627,-0.02801392,0.004245359
-0.021948205,0.004338406,0.036174784,0.003980358
0.097533738,0.003510732,-0.016986736,0.003443097
0.058214913,0.004194051,-0.000258977,0.003425628
-0.003898475,0.003774984,0.036644751,0.002940409
0.010140158,0.003986175,0.015812233,0.002262025
0.018055197,0.00356472,1.38E-05,0.002394234
0.036826726,0.003978581,0.00979596,0.003780632
-0.010593804,0.00378193,0.025527904,0.003100697
0.014192053,0.004708539,0.005533637,0.002224082
-0.0212788,0.002768339,-0.014345901,0.00225784
-0.026911816,0.00451147,0.028590526,0.002595124
0.02567428,0.003296793,0.033764718,0.003713305
-0.011479141,0.004500916,0.011357788,0.002341445
0.014587234,0.006801469,-0.010410085,0.002997072
0.024952704,0.004651352,0.01125368,0.004082
-0.039213678,0.006711964,-0.049876282,0.005002505
-0.010325733,0.004326488,-0.023995883,0.003304308
0.055751901,0.006022204,-0.019392801,0.002111057
-0.104737173,0.003435415,-0.032334393,0.003594883
-0.026727122,0.003092611,0.071389934,0.002846083
0.082246362,0.004123669,0.034007597,0.005300199
-0.015155167,0.003615597,-0.010801784,0.001875924
-0.00408609,0.005070741,0.018355881,0.004992862
0.18530735,0.005471045,0.137211459,0.003507458
-0.023567181,0.005104341,-0.011765586,0.005910763
0.007879019,0.004619084,-0.013849342,0.003432098
0.014455661,0.003676518,0.064768926,0.004692118
0.033952331,0.004580084,-0.019182713,0.003284221
-0.016333019,0.004821021,-0.065086994,0.004404238
-0.044359456,0.003490718,-0.022734636,0.007845524
0.031174961,0.004923211,-0.000886828,0.006309555
-0.016836377,0.004262312,0.035166828,0.005644531
-0.057267219,0.004019329,-0.032515308,0.004805413
-0.060744622,0.005166851,-0.04025162,0.005168604
-0.000971058,0.003897246,-0.010928316,0.002463092
-0.005532709,0.006302263,-0.013017884,0.003788589
0.006534171,0.003972386,-0.056830637,0.003628714
-0.099360855,0.002889201,0.020905905,0.005143263
0.058676186,0.003420298,0.037690689,0.003612714
0.078077642,0.003938012,0.040455929,0.004848764
0.013338503,0.003424786,4.03E-05,0.005438464
0.052014554,0.004474701,-0.012766784,0.00404026
-0.006397886,0.00234076,-0.022008852,0.004077819
-0.124748768,0.004835892,-0.042424182,0.005284853
0.035257716,0.0061799,0.021056347,0.006211543
-0.004043938,0.005392326,-0.04016261,0.002540127
-0.064416292,0.004864808,-0.043200516,0.003279133
0.063585062,0.004649796,-0.003011456,0.004179269
0.007278797,0.002230003,-0.008278513,0.005516587
-0.034900174,0.004720654,0.013004692,0.003150785
-0.011512735,0.005341532,-0.026887748,0.004744348
-0.024769051,0.004625587,0.02350576,0.005209479
0.082255802,0.002809801,0.068328946,0.003898359
-0.005629614,0.00431555,-0.045960255,0.003083059
0.095514622,0.003623895,0.09132376,0.004896154
-0.04064605,0.004838925,-0.005184626,0.003234228
-0.036908834,0.004536323,-0.070587466,0.001898116
-0.030108286,0.002712932,-0.042399446,0.005433981
-0.05837128,0.002110061,-0.010018274,0.006155776
-0.00256671,0.004232033,-0.03917054,0.003743722
-0.03767804,0.003613511,0.007406868,0.002410993
0.067534092,0.0044354,0.13401524,0.002164526
-0.016528217,0.004805276,-0.004559788,0.004411932
-0.008252914,0.003127493,-0.069074062,0.003270068
0.032702806,0.00751646,0.045682907,0.002997948
0.076201783,0.004432183,-0.00097255,0.003640686
-0.016897486,0.003559757,0.013277444,0.002175219
-0.018682356,0.004814824,-0.056006117,0.004637619
-0.025582682,0.004366856,-0.035200113,0.002902767
-0.074467213,0.002649003,0.011660454,0.004040853
-0.013730493,0.005208123,-0.011611936,0.002627665
0.051306891,0.004625878,0.089329336,0.003528758
-0.039125677,0.005036296,0.020068787,0.003632678
0.011333124,0.004566114,-0.027124613,0.004182214
-0.03329394,0.00301655,0.006183454,0.002381001
-0.045098198,0.002181157,0.000551546,0.004759037
0.042817797,0.003744009,0.013684754,0.003541626
0.034261558,0.003589101,-0.032229715,0.002598134
0.002656677,0.005678222,0.036366808,0.004512888
-0.009683008,0.002944127,-0.019300541,0.002260228
-0.052977785,0.00354519,-0.0192246,0.004943332
-0.057596031,0.004557585,0.025009158,0.003675281
-0.032710352,0.004825026,-0.006726667,0.003565982
-0.012184311,0.004409378,0.022031638,0.004909415
0.015542378,0.00380465,0.046536348,0.002417093
0.029097312,0.00496574,-0.016746729,0.004074393
0.135724022,0.006144488,-0.027375762,0.004019362
0.227142336,0.006050664,0.189611918,0.005241238
-0.024612436,0.003185894,0.044883249,0.003663892
0.024655924,0.003178054,-0.042535933,0.002265238
0.046860009,0.00546093,0.069852865,0.004790401
-0.006061353,0.003183814,0.000542333,0.003395161
-0.040102331,0.002598849,-0.041867289,0.002935501
-0.016028607,0.003437845,-0.012798637,0.004108645
-0.024070897,0.002994242,-0.008120331,0.003381829
0.032113001,0.002612999,-0.017868665,0.005561693
-0.022083607,0.003796361,-0.006736262,0.003948131
0.009251789,0.0042118,-0.025026018,0.002952745
0.021837228,0.003823967,-0.04650924,0.003283408
-0.014738524,0.003694617,0.014767671,0.003204136
-0.051265102,0.00274344,-0.052655436,0.002737096
-0.033314756,0.003472289,-0.027095241,0.004135754
0.015710936,0.003604237,0.10390826,0.005001448
0.006749691,0.003686611,-0.011874195,0.005096818
-0.066976822,0.005273305,-0.01914476,0.004187011
-0.072626883,0.002925307,-0.029146814,0.004611665
-0.005607332,0.002989516,-0.04006012,0.003909519
-0.043428897,0.004273636,-0.020911109,0.004912876
0.006744641,0.005220926,0.030243161,0.003580379
0.05857952,0.002375103,0.037304003,0.003585786
0.00216919,0.00418883,-0.06957508,0.003797385
-0.059392193,0.002999675,0.00082287,0.003252875
0.097170206,0.003388799,0.012949074,0.00335643
0.051534782,0.002642789,0.040186375,0.005986543
-0.035920539,0.004824431,-0.01507004,0.003915899
-0.039089589,0.003315339,-0.034432622,0.002975113
-0.006223457,0.003401394,0.007605484,0.003613298
0.026649174,0.004581009,-0.001795272,0.003263515
-0.028449,0.006035891,0.016342085,0.003905364
0.086491356,0.004654319,0.037788036,0.003753176
-0.043522888,0.003386705,-0.041023843,0.003992868
-0.057792225,0.002826303,-0.057139605,0.003107639
0.043636521,0.00333758,0.004156182,0.004224382
-0.046148112,0.004411584,-0.043730108,0.004364972
-0.02892671,0.002623576,-0.005773163,0.003842929
0.083183443,0.003555006,0.092458392,0.005048563
-0.078372022,0.002474941,-0.057290634,0.005995391
-0.014211575,0.002886146,-0.015278579,0.003146117
0.004180892,0.002521169,-0.007731325,0.005286376
-0.01130319,0.003451118,0.03487891,0.004237662
-0.055705171,0.004401158,-0.015079325,0.002378045
-0.006099804,0.006763321,-0.054549288,0.003601166
-0.021142677,0.004408752,0.010541121,0.004272061
-0.052121231,0.004003737,-0.00928987,0.003770553
0.017272081,0.007327977,0.022032748,0.002157993
0.007224557,0.003569858,-0.001006899,0.004277635
0.002368088,0.003533607,-0.015746517,0.00111252
-0.069223231,0.005761409,-0.015806874,0.002764235
-0.001537842,0.002679989,0.009073687,0.00271923
-0.002482817,0.004907913,-0.005948262,0.004167756
0.070301249,0.003563692,0.011750875,0.004039587
0.031955959,0.001780593,-0.009114963,0.003721241
-0.021024721,0.002879037,0.026146895,0.00379523
-0.067368483,0.003870747,-0.029287531,0.005062472
0.015700634,0.004181457,0.007039194,0.003995885
-0.066898098,0.00386033,-0.001879019,0.003661907
-0.031794423,0.004459019,-0.006013269,0.004769522
0.02347714,0.006947178,0.033203223,0.00329899
0.038632295,0.00540524,-0.006167195,0.003623384
-0.018469479,0.004185907,-0.036325261,0.005651951
0.232544382,0.007030472,0.099315985,0.008885852
0.084478225,0.005357157,0.061846825,0.00474903
0.065263842,0.00485399,0.064629177,0.003327334
0.026335324,0.006270661,0.025125433,0.003662535
0.15153055,0.004053857,0.062917424,0.003481409
0.00029883,0.003140859,0.017949059,0.006364375
-0.048253203,0.003846067,0.017620277,0.003765107
-0.039560813,0.00324984,-0.039027587,0.003300641
-0.045228872,0.005303611,-0.027573619,0.002940614
-0.017423358,0.003816504,-0.058026331,0.002973334
-0.064623358,0.004246823,-0.031397885,0.002493476
-0.083050592,0.003656489,-0.040638352,0.003560947
-0.009889107,0.003868651,-0.014566658,0.003739621
-0.028265996,0.004825907,-0.001036423,0.003405194
0.053691338,0.005589277,-0.013363319,0.003693804
-0.025928097,0.003471558,-0.011845309,0.006619812
0.083854111,0.003475542,0.069267665,0.006049379
-0.01391375,0.00396725,0.027411741,0.003213781
0.008563581,0.006599411,-0.060285144,0.004521291
-0.00923718,0.002561655,0.013880042,0.003540055
-0.083533831,0.007380602,-0.051053785,0.004180965
-0.04154745,0.003524174,-0.018449488,0.001936761
0.015916818,0.002938601,0.022542226,0.004970069
0.067901799,0.00346964,0.018921071,0.005424439
-0.034254319,0.006003752,-0.028660226,0.004081999
0.009584815,0.003617905,0.007974605,0.003781193
0.079895727,0.003516737,0.053256556,0.004334705
0.09168585,0.004191135,0.039781827,0.003226555
-0.023476078,0.00516743,0.006835806,0.003087007
-0.004398845,0.005007385,-0.014592279,0.003169566
-0.026838969,0.00469472,-0.027413317,0.004680382
-0.008169734,0.003462532,0.003761808,0.00551292
-0.081890902,0.003481756,-0.070595362,0.005624062
0.025666973,0.006311491,-0.00198333,0.004001211
-0.061918566,0.004499721,-0.02215488,0.005554095
-0.0328309,0.003420329,-0.013104229,0.004107429
-0.039776758,0.003475901,-0.024369466,0.003364894
0.046554039,0.005412511,0.042213621,0.004710512
0.022161214,0.0054966,-0.07128772,0.003464041
0.05163487,0.004430044,0.086384358,0.005040817
-0.025381999,0.00285052,-0.051789578,0.003072879
0.022725909,0.003758657,0.031749891,0.004919272
-0.022053757,0.004457657,0.010213833,0.004332169
0.003412254,0.004693856,0.005562996,0.004220922
-0.021499124,0.004675911,0.000633527,0.003934957
0.034229481,0.004216424,-0.05436356,0.006101277
-0.048900385,0.003219898,-0.002219921,0.002809509
-0.000882244,0.003268521,0.009475944,0.004861201
-0.086029756,0.004583584,-0.035564337,0.003758478
-0.022844414,0.004498297,0.0089438,0.003535223
-0.018418293,0.002968379,-0.000355719,0.000908797
-0.045534561,0.005315204,-0.073472649,0.005877118
0.050346491,0.006782075,0.023873553,0.003699416
-0.028564671,0.005681863,-0.02350764,0.005088694
0.001788855,0.003277995,-0.030034278,0.001973879
-0.0110984,0.004886223,-0.007185384,0.004727592
-0.002124725,0.005131022,0.020051275,0.002569662
-0.043337702,0.003823895,-0.030620078,0.002431324
-0.041676044,0.00436968,-0.024024775,0.004458586
0.028106302,0.003281398,-0.005587118,0.006484415
-0.020348848,0.003218832,-0.014273674,0.003851034
-0.024841909,0.004073666,0.012113529,0.00162964
0.073472712,0.00502546,0.063521757,0.002533531
-0.056939458,0.003000203,-0.039440428,0.005080678
0.245387055,0.005426226,0.205404221,0.006427702
0.051442246,0.006170735,0.024858859,0.005092934
0.017439369,0.004349539,0.010909698,0.003293928
-0.004151381,0.004734847,-0.004166053,0.004026621
0.008656801,0.004450593,0.064616532,0.003292378
-0.00731018,0.003352056,0.000492412,0.004436456
-0.067776569,0.003688532,-0.001854156,0.003836778
0.002278383,0.004653508,0.01731083,0.002704767
0.06629893,0.004867874,-0.034115652,0.003667706
-0.027366419,0.003153966,-0.036757103,0.004942674
-0.035643967,0.004575238,0.04081504,0.003859226
-0.020258045,0.005818391,-0.025739251,0.002995135
0.022001114,0.00325049,-0.025890089,0.005759063
-0.029709608,0.003699438,-0.008052667,0.003182788
0.022030228,0.004754074,-0.029662497,0.005451633
0.057644035,0.003369922,0.021652158,0.004436034
0.028601798,0.006173027,0.027430732,0.003976975
0.008873228,0.003753059,0.00245877,0.003964814
-0.012567687,0.00233049,0.021950929,0.004369755
-0.039477653,0.002253409,0.011089807,0.003616996
0.01991286,0.003645068,-0.017293954,0.004874074
-0.023123317,0.004376964,-0.033026412,0.003028631
0.011146623,0.004944351,-0.011369317,0.003851886
0.013185022,0.003753044,0.005693821,0.002734801
-0.009594644,0.003994341,-0.022457586,0.003861427
-0.01493116,0.003024261,-0.026821967,0.003060195
0.033515096,0.004210892,0.034020143,0.005305986
0.060041055,0.004205073,0.062654018,0.002369797
-0.009747534,0.004157091,-0.010759735,0.004530283
0.000928121,0.004832208,0.013937818,0.003702908
-0.064503186,0.005070126,-0.036696204,0.005969108
-0.006776395,0.0027432,-0.050821563,0.004041414
-0.036638454,0.003422604,-0.014392199,0.00398477
0.006466082,0.005013495,-0.01650713,0.004842459
-0.028287961,0.003986357,-0.026290415,0.003196954
0.038970092,0.003414927,-0.013139374,0.00333953
-0.04559855,0.003604963,0.007015007,0.002417436
0.007945528,0.005900017,0.009221736,0.002159911
-0.000258314,0.002553188,0.012020507,0.003852732
0.012130332,0.005649913,0.009093309,0.002988051
-0.068274977,0.003878737,-0.022287823,0.002220286
0.03831535,0.003081985,0.017683561,0.003096013
0.021113382,0.004696241,-0.020178475,0.003588529
0.003334041,0.002597548,0.025262507,0.002954713
-0.022608959,0.004906251,-0.02364824,0.004167775
-0.029704696,0.002479735,0.017727569,0.003197401
-0.015578549,0.002556752,-0.033195276,0.00364838
-0.011777317,0.001892115,-0.011453267,0.003529482
-0.018152596,0.004514885,0.005549975,0.003800627
-0.021091897,0.004962707,-0.002682163,0.004061495
0.008075471,0.002567833,-0.010418803,0.004492141
-0.032297646,0.002912739,-0.03814432,0.003597046
0.022036803,0.003372623,-0.006633447,0.002441591
0.039207619,0.007684524,-0.002194447,0.003681836
0.012890847,0.003857067,0.012316682,0.003292507
0.001555158,0.004751084,0.003500534,0.007031349
-0.002228928,0.005465159,0.006902432,0.003497438
0.000982872,0.004350352,0.022276181,0.004548639
-0.012715654,0.003344556,-0.046374561,0.00371803
-0.075758963,0.004284029,-0.037804583,0.00287044
-0.004427787,0.0052109,0.023854977,0.004262153
0.017331313,0.00552248,0.053658717,0.004424338
0.089474557,0.003693569,0.032906098,0.005414049
-0.018855608,0.007146399,0.008851376,0.005799617
0.073370245,0.003006313,0.073095995,0.006490183
-0.000343655,0.004386695,-0.004561751,0.00380727
0.013516547,0.004167403,-0.001516124,0.004207554
0.042462482,0.003723966,0.008237994,0.002947957
-0.009945716,0.00490281,0.005968217,0.001853721
0.0282695,0.005892708,-0.006450282,0.004299511
-0.004777911,0.004137641,0.011459359,0.003330899
0.003390123,0.002712871,0.02214716,0.003505924
-0.04222252,0.005414776,-0.031004829,0.003372029
-0.005414913,0.005677905,0.001970314,0.005035052
0.003063232,0.004123617,0.014156989,0.003913073
-0.029412009,0.005049274,-0.060479726,0.004774679
-0.005192898,0.004985489,-7.52E-06,0.004162698
0.022834073,0.004494251,0.026943164,0.00464875
-0.012940379,0.003970947,0.017099845,0.00467054
0.001505872,0.004232738,0.007144361,0.00312635
-0.006391652,0.003881489,-0.003483232,0.004624266
-0.028921277,0.007264631,-0.016895338,0.00358217
0.011656201,0.004535205,0.003089994,0.002533631
-0.010562383,0.004684159,-0.007334158,0.003122059
0.044547109,0.002998681,-0.004367208,0.002485184
-0.051641511,0.003702277,0.003246715,0.00430239
-0.018777193,0.003019945,0.009276513,0.003957467
0.024213389,0.00466156,0.023757178,0.003247752
0.002207902,0.004272154,-0.02516669,0.003227299
-0.003689869,0.007206514,-0.00910146,0.003497708
-0.004481523,0.00670131,0.033742396,0.004315826
0.024363178,0.00531513,0.022283505,0.002292185
0.012957109,0.004647818,-0.011325946,0.003359678
-0.01572748,0.004096638,-0.002884918,0.003787379
0.025056367,0.003766613,-0.052165823,0.003970445
-0.014318202,0.003833451,-0.015493339,0.003382522
-0.008810304,0.00274903,-0.001414549,0.003821754
0.035622238,0.004592118,0.018976169,0.00475502
-0.029920893,0.00358608,0.005615322,0.002906063
-0.008429862,0.003141372,-0.029547252,0.0051634
-0.000270841,0.001700574,-0.018663567,0.004280254
-0.012302716,0.004271845,0.000892237,0.002785749
-0.006179025,0.003768042,-0.025437901,0.004191212
0.005925199,0.004100645,0.002251625,0.0042372
0.018825399,0.004753329,0.030576186,0.003653397
0.016864434,0.00574956,0.023970697,0.003107377
-0.032664208,0.00305704,-0.034506388,0.003355413
0.020611085,0.003633945,0.038035804,0.002509778
-0.037453223,0.003841062,-0.003127422,0.003433344
0.020179759,0.004217174,-0.005820204,0.005678238
-0.040596068,0.004693851,-0.014849237,0.004391166
0.016099499,0.003744124,0.006065977,0.00715465
-0.010466357,0.002371691,-0.021839623,0.003523161
0.008857804,0.004555448,0.016050258,0.003905114
-0.031765546,0.003824609,0.010747073,0.003062162
-0.030809613,0.004821244,-0.00410446,0.00247326
0.012562485,0.003694487,0.054578566,0.002971971
0.032037669,0.004788316,-0.021582283,0.004822165
0.034338387,0.003852027,-0.027182617,0.004517075
-0.016237663,0.005246784,-0.001003182,0.005143386
-0.018715342,0.004297685,-0.016879797,0.005263111
-0.011492395,0.004328081,0.000561825,0.006059361
0.029960646,0.00438289,-0.031392321,0.003010111
-0.008775288,0.00358397,-0.024791304,0.006851651
0.010541752,0.005975602,0.023850504,0.003503347
-0.028240861,0.004368161,0.008066776,0.00339315
0.04124407,0.004139007,0.049301493,0.004621773
-0.027177423,0.004472471,-0.005607318,0.003289829
0.061355207,0.003418508,0.039923551,0.006835119
0.003998974,0.00445286,0.003538927,0.003536354
0.003053354,0.003483302,-0.010505491,0.002954997
-0.003187555,0.004080238,0.009937916,0.003709157
0.011350338,0.005438215,0.010597986,0.00558607
-0.010708934,0.004416604,0.012577124,0.005755161
-0.060350761,0.005639487,-0.000388578,0.003252683
0.018236477,0.003312543,-0.001803653,0.00206923
0.016309527,0.006157198,0.007551373,0.004120371
0.024625771,0.002755666,0.00656749,0.003492095
-0.021287126,0.004291539,-0.018079284,0.004148615
-0.027421343,0.002923264,-0.017700113,0.005013422
0.016743323,0.004474838,-0.003535969,0.005096688
0.005965049,0.001877713,-0.011009565,0.00226159
0.000405327,0.004383286,0.023237978,0.002879694
0.054596342,0.002584649,0.036846219,0.005989018
-0.014073681,0.002190603,-0.011558624,0.002002101
0.001233019,0.004048112,0.006928033,0.004605627
0.023635935,0.005121077,-0.013413414,0.002654835
0.001682102,0.006075799,-0.01669338,0.001966081
-0.030188114,0.00534906,-0.000714852,0.003620779
0.001164991,0.003608201,-0.038846689,0.004515491
0.022443489,0.002602534,-0.007061502,0.003923013
-0.004516544,0.00379203,0.015557571,0.002260319
-0.014487679,0.003291263,-0.001534027,0.003552381
-0.059370845,0.004107997,0.031102411,0.005238683
0.098607947,0.003663007,0.017239933,0.005912134
0.001736375,0.004639795,0.007026415,0.004813217
-0.023682428,0.00430024,-0.008215979,0.005021531
-0.000809818,0.00456424,0.028676044,0.005348994
-0.004725317,0.003939932,-0.006930401,0.003372046
-0.050030234,0.001494065,-0.032505354,0.00621023
0.015660808,0.004559514,-0.031715419,0.003738447
0.030559678,0.005236737,0.015225719,0.006797107
-0.031040046,0.004399385,-0.018839225,0.004243758
0.005649198,0.004788697,-0.009794855,0.002730261
-0.008901573,0.004667454,0.030809737,0.004296324
0.006039448,0.003291736,0.001636642,0.004812095
-0.025822875,0.003886094,-0.025877485,0.002887893
0.019728578,0.001383382,0.021486508,0.002795932
-0.004067004,0.005648815,-0.015244991,0.003948261
0.003376191,0.00168009,-0.019197663,0.004339126
-0.033090454,0.003583814,-0.047923205,0.002970199
0.018333988,0.003261377,0.012026441,0.003373088
0.018167239,0.003544879,0.030142706,0.004287021
0.014129196,0.003081956,0.019613102,0.003993695
-0.009020366,0.005445277,0.0082085,0.004471204
0.000545433,0.004830993,-0.003441395,0.002087087
-0.024801523,0.003809209,-0.014990588,0.002739378
0.017944411,0.004088489,0.017074345,0.003533673
-0.003114207,0.004768147,-0.008032938,0.003108499
-0.012697095,0.002382786,0.003611829,0.003544509
-0.003087617,0.004311076,0.013651582,0.004825198
-0.020490908,0.00439706,-0.0191095,0.003150545
0.038775229,0.006516842,0.028804665,0.002966773
0.010010853,0.004762166,-0.001994758,0.003435763
-0.015531183,0.005221533,-0.008314129,0.004343507
-0.007380889,0.00536246,0.00140749,0.004199466
-0.00142385,0.003695322,0.030803984,0.005755877
-0.040880886,0.004152725,-0.031311531,0.004262868
0.02579537,0.00350244,-0.008790261,0.003633034
0.017405957,0.004199211,-0.020262212,0.004134247
-0.011116007,0.003790549,0.018708195,0.006217077
-0.007075112,0.004794842,-0.001722275,0.003809892
0.036472055,0.004304774,0.01646244,0.004240084
0.041028084,0.003253969,0.058416483,0.002985493
-0.012763483,0.003562926,-0.006941197,0.004527789
0.00729533,0.003861493,0.001641836,0.005174668
0.018176151,0.003642623,-0.010350098,0.003739855
0.028146821,0.005470839,0.018472249,0.003415515
-0.003802521,0.004436425,-0.035442366,0.00222857
-0.033455196,0.005850802,-0.010115153,0.004028542
0.001645932,0.00423656,-0.023705798,0.003623609
0.024120993,0.003006466,-0.01871568,0.003548422
0.015881308,0.002310694,0.02284513,0.004642079
-0.015515399,0.002577668,-0.002606427,0.003057779
-0.033040252,0.004622582,-0.014461513,0.003135224
-0.024768713,0.003492848,0.010135212,0.004000219
-0.01464246,0.003857913,0.010837537,0.004587602
-0.002763747,0.005071228,0.024531615,0.006840005
0.011347954,0.004843408,0.00884009,0.003474146
0.003084352,0.004556738,-0.030916126,0.005044257
-0.025307936,0.004385025,0.000784383,0.005846167
0.005770429,0.004793396,-0.017945866,0.003526343
-0.007542249,0.005379421,0.004335186,0.002598998
0.006153092,0.004812167,-0.012313047,0.005079369
-0.001208759,0.003233553,0.014613265,0.004222941
-0.00333928,0.005374394,0.006216341,0.003531272
-0.026559972,0.00482787,-0.01303946,0.00422706
-0.028384403,0.004765565,-0.007822056,0.004330823
0.02548765,0.005094836,0.036194207,0.003485571
0.027767056,0.004804059,0.007207335,0.005381218
0.01858906,0.002802254,-0.002333817,0.002247856
0.000173498,0.003868663,0.038473325,0.004557476
-0.015710508,0.004696825,-0.028511648,0.004368224
0.02148732,0.00477208,-0.013810832,0.003750118
-0.023726647,0.002400333,-0.013692618,0.004546025
0.009167364,0.003574582,0.024471791,0.003637373
-0.004762439,0.005080315,-0.002836515,0.004366916
-0.006859423,0.004293956,-0.003117961,0.003144664
-0.036295272,0.003206771,0.001362413,0.003201855
0.011646051,0.003157706,-0.013168871,0.002988931
0.013129989,0.005299083,-0.017631,0.003570142
0.034108538,0.005476024,0.026450486,0.003059501
-0.016078061,0.004603231,-0.013609187,0.004480994
-0.003357082,0.004523371,0.026088898,0.00505442
-0.03183595,0.004657779,-0.026897841,0.005162455
-0.00765774,0.004571267,-0.053368909,0.002187892
-0.005381094,0.003698991,0.024219064,0.004170645
-0.005560596,0.00533401,-0.008017269,0.002945545
-0.012927226,0.005363074,-0.009712342,0.004850699
0.023002036,0.004849239,0.013330831,0.003480334
0.03250929,0.00384625,0.013999276,0.005838408
-0.00889973,0.00308298,-0.000591123,0.003368147
0.046344921,0.004437392,0.022498865,0.002961782
-0.005318636,0.004213863,0.005921288,0.005320564
0.00456383,0.003263696,-0.010811661,0.002954036
-0.040749741,0.004825268,-0.032331296,0.0048061
0.001075551,0.004343072,0.023033838,0.004318263
-0.015960355,0.006623732,0.029147818,0.004768053
0.031178183,0.004564479,0.023373912,0.006603282
-0.002399203,0.004016509,-0.009500215,0.003099611
-0.016015117,0.002138376,-0.014377563,0.003013081
-0.025315729,0.003292611,0.000330281,0.004507319
0.041766478,0.005699869,0.022724691,0.004709494
0.018613926,0.006462284,-0.016657176,0.003186169
0.020367449,0.002817885,-0.022684724,0.00394957
-0.017029401,0.003610287,-0.007980036,0.003951627
-0.008694316,0.002654213,0.005519744,0.005230081
-0.00715461,0.004505677,0.069340973,0.004970942
-0.002766835,0.004449681,-0.000416541,0.003290362
0.033058257,0.005431933,-0.023680496,0.001640824
0.021243258,0.003659734,0.006137088,0.005245415
0.003399061,0.005150059,-0.001927864,0.002303198
-0.007047217,0.004196375,0.008218741,0.005243577
0.045728804,0.002478633,-0.022424017,0.00587733
-0.038569585,0.004650057,0.029638676,0.004110056
-0.004812731,0.004976576,0.0127189,0.005034106
-0.003684029,0.005444164,-0.010214729,0.003178528
-0.018781611,0.003811686,0.008937825,0.004944653
0.02816607,0.004950028,-0.024942699,0.005082351
0.011927388,0.004352604,0.02566621,0.002678777
-0.02354217,0.005991265,0.014731916,0.003156514
-0.012021175,0.004081277,-0.020947474,0.003528294
0.002538418,0.004744934,-0.034914811,0.003007991
-0.026266936,0.004604648,-0.040916717,0.003358316
0.015109431,0.003116326,0.027373343,0.003184151
-0.0099778,0.002472436,-0.01212488,0.003109053
0.026331528,0.003518066,-0.01367271,0.004104944
0.001932385,0.003425961,-0.019524223,0.005315246
0.039773058,0.002492615,0.009310577,0.00553957
-0.004560162,0.004977272,-0.00225934,0.002975505
-0.027951021,0.003927939,-0.002953278,0.005205072
0.020696821,0.004134039,-0.003996668,0.002942555
-0.029253357,0.002851762,0.029449402,0.003219146
0.006677321,0.003903041,0.016448534,0.00292788
-0.01676708,0.004036607,0.009798224,0.002902893
-0.004718874,0.004397778,-0.025247984,0.003866394
0.018994566,0.00536433,-0.014680439,0.003586586
-0.007069918,0.004776522,0.004651618,0.006930347
-0.017019693,0.006623605,0.008296273,0.003856464
-0.021546713,0.004321237,-0.026992319,0.001942387
0.007775866,0.00544672,-0.016063322,0.002956671
-0.003855771,0.003782766,0.013970331,0.002723118
0.007606923,0.005859625,0.019136257,0.006112615
0.026328447,0.003357507,-0.026442264,0.003884681
-0.052715424,0.003003215,-0.011459611,0.002823653
0.012609699,0.004474809,0.022488494,0.005180781
0.00729517,0.002378887,0.033177313,0.003807914
-0.019107299,0.003806324,-0.004635247,0.005014474
0.013668242,0.002563138,-0.023064609,0.004191566
0.005852845,0.003683426,-0.010683972,0.004615496
-0.021135599,0.002055186,-0.010053892,0.00362556
-0.008433597,0.003113422,0.02026584,0.002577287
0.024189037,0.004199181,-0.026519292,0.006482038
-0.016773637,0.004052618,0.006513795,0.002675643
0.02295239,0.00475137,0.029888083,0.003322355
0.039054911,0.003799566,0.032054125,0.004583933
-0.045350697,0.004038875,-0.002419349,0.00176416
-0.019598938,0.004655888,-0.015779411,0.003060851
0.014352839,0.003594366,0.010078727,0.00177584
0.001891216,0.004501174,-0.001280437,0.004530101
0.003224697,0.003580246,-0.010614233,0.00530408
-0.024616908,0.002942158,0.013430769,0.005937381
-0.003411751,0.00542036,-0.051607276,0.003886372
0.020717914,0.004734521,0.023259018,0.003959137
0.008497592,0.005649027,-0.011452503,0.004878859
-0.011125073,0.004939652,-0.011259095,0.004677014
0.006605775,0.005275438,0.015524159,0.003951409
-0.003836005,0.004086861,0.013998429,0.002775289
0.002179689,0.002308085,0.009118299,0.002731704
0.011289315,0.00443194,0.0049688,0.002682213
0.001803281,0.003940054,-0.013419036,0.002439521
0.013245464,0.003351594,0.03899774,0.005012361
0.032675719,0.00363187,-0.004092603,0.002134734
-0.030044991,0.005112162,0.024397578,0.002338868
-0.031789541,0.005029363,-0.025816654,0.004821958
-0.03759436,0.004344109,-0.024177801,0.004143134
-0.011360367,0.004149253,0.026249515,0.003831794
0.00162812,0.005209451,-0.004009402,0.00315758
0.022094373,0.005154239,0.010411819,0.004367121
0.009195772,0.004108207,-0.032903935,0.004269171
0.009560363,0.003054855,0.005415118,0.003763695
0.022913937,0.003521469,-0.007275024,0.005035592
-0.042044324,0.00393297,-0.002850615,0.0014055
-0.011181781,0.002145579,0.028722071,0.003807943
-0.015165218,0.003133891,0.016405282,0.004035878
0.011716355,0.005368112,-0.012491134,0.003703079
0.084165192,0.005491427,-0.010956856,0.004256708
-0.012888194,0.003155975,-0.014118688,0.00294533
-0.014876115,0.002380622,-0.021252244,0.002378697
0.00387312,0.004367878,-0.00689627,0.002189542
0.057442298,0.005362442,-0.006907586,0.004036448
0.006456483,0.003871163,0.008950135,0.004082787
0.015698272,0.002764557,-0.02842371,0.002898467
-0.030399708,0.003196826,0.034138843,0.004666422
-0.008519933,0.004015322,-0.019209795,0.005778277
0.033043712,0.003573135,-0.006129116,0.00466655
-0.026388561,0.004381095,-0.026172062,0.005175222
0.025243789,0.00331345,0.03906994,0.004099613
-0.002737506,0.003735571,0.004467145,0.002524076
-0.025962192,0.002357935,-0.006856419,0.00368601
-0.012726893,0.00257173,0.005675269,0.005014941
-0.022841062,0.005050644,-0.024135494,0.00365407
-0.00110704,0.005100551,0.033572079,0.003440421
0.026385934,0.004107163,0.030833008,0.002009875
0.018255572,0.005997927,-0.031648223,0.003188298
0.01422165,0.00631327,-0.000979676,0.002724094
-0.04136845,0.004840917,0.029140894,0.003255322
0.005983845,0.004738571,0.017024366,0.004474753
-0.000256698,0.001784503,0.004522753,0.003987573
-0.000405636,0.004655433,-0.020077597,0.005848831
-0.016093064,0.004699812,-0.016751962,0.004157229
-0.007660516,0.004580691,-0.034571991,0.003899597
-0.020666017,0.004097039,0.033691633,0.004424611
-0.003652497,0.003022966,-0.013962927,0.003280134
0.014602512,0.004423101,0.018286576,0.004848429
0.050075191,0.00499169,-0.011438043,0.00435082
0.001312934,0.00416055,0.000543458,0.003580576
-0.013504486,0.004879396,-0.017179986,0.005812105
-0.041014474,0.00452716,0.018400363,0.004332765
-0.033816827,0.004648188,0.012853528,0.002914048
-0.027016156,0.003633512,0.007963858,0.003455245
0.00985732,0.0044849,0.0055492,0.004182008
0.045914576,0.004172438,0.008315909,0.002577097
0.026616265,0.00349463,7.66E-05,0.00378766
0.002025346,0.00349966,0.000639976,0.003389565
0.012784362,0.004617216,-0.015370778,0.005471931
-0.019604852,0.003050684,-0.002695292,0.004281428
-0.012374057,0.002776788,0.026519263,0.004571127
0.00978716,0.002305335,-0.013484824,0.004622038
-0.018742383,0.002983201,0.012977914,0.002549033
-0.003246134,0.003456595,-0.030825615,0.004238008
0.017282062,0.003919372,0.010899253,0.004869689
0.011868032,0.003049459,-0.027397458,0.002279331
-0.015013634,0.004465581,-0.00095248,0.002759924
-0.003862063,0.004476798,0.007301194,0.003803674
-0.009373885,0.003374994,0.030026123,0.004710591
-0.040875653,0.00293448,0.02452955,0.003301577
0.023706196,0.00384675,-0.009934418,0.00347738
0.019469719,0.003198616,0.023944333,0.003717737
0.035591308,0.004011885,-0.009995004,0.003166961
0.016776402,0.001943837,-0.021167181,0.003355403
-0.039631808,0.004450432,-0.003345672,0.003667627
-0.003696882,0.003665444,-0.014521356,0.003616129
0.015945915,0.005015003,0.00816648,0.006749656
-0.000400247,0.00459045,-0.001407476,0.005378655
0.014842516,0.005721977,-0.029434017,0.003053959
-0.032481086,0.004672381,0.044745846,0.004605658
0.00093113,0.003896527,0.027107103,0.00352362
0.012592288,0.004301638,0.017772074,0.002733852
-0.014082756,0.004715592,-0.040864104,0.003794318
0.03075822,0.005263696,0.000717491,0.003420185
-0.00455959,0.004506774,0.00755017,0.004522957
0.000549265,0.003690378,0.019679754,0.00198729
-0.044749623,0.003866963,-0.008189988,0.004249117
0.050222183,0.003499578,-0.017166657,0.003242734
0.020519597,0.003881534,-0.02056166,0.003797794
0.006887671,0.00290161,0.007668065,0.005258086
-0.009617965,0.002617183,0.012292634,0.00220384
-0.01168275,0.005573666,0.003589496,0.003132666
-0.016232937,0.003704498,0.025984507,0.005620069
0.002276371,0.005644724,-0.010098242,0.004491289
0.02151385,0.003182426,-0.002851745,0.004085587
-0.023950145,0.004727037,-0.018353453,0.005216222
0.013476247,0.004760309,-0.016574911,0.004121791
-0.013631377,0.005620695,-0.043339956,0.003544079
-0.012181181,0.004191188,0.030986675,0.003527306
-0.009787165,0.00312583,0.000682963,0.005403052
0.009655334,0.004158781,-0.006571612,0.002829629
0.000678333,0.004931592,-0.002318133,0.004565013
0.022027273,0.003956514,-0.012627899,0.003112829
-0.010156029,0.003063563,-0.025568135,0.004033848
0.011945126,0.004137136,0.010870942,0.002713394
-0.027920092,0.003565525,-0.018027421,0.004054275
-0.018505768,0.004919628,-0.00076052,0.004861985
0.006773677,0.002936803,0.007366863,0.005019817
0.003903851,0.002156404,-0.018429859,0.004183104
0.022034384,0.003067138,-0.019026194,0.003504408
-0.014797463,0.002967869,0.056213715,0.003774512
0.014622073,0.003522244,0.012052241,0.004121578
0.005159196,0.004847232,0.003034087,0.002555363
0.005781547,0.005407998,0.000429305,0.003937314
-0.034660508,0.003524518,0.018429558,0.003466874
-0.009705687,0.005205401,-0.032815458,0.003307713
0.015203368,0.007668982,0.010912182,0.002645956
0.015262899,0.003895894,-0.00280087,0.003919387
-0.003917142,0.006142422,-0.015593818,0.005028474
0.003664156,0.003350528,0.028809368,0.004187945
-0.035555785,0.004670336,-0.01993123,0.005649907
-0.008011792,0.002545016,0.005341475,0.004255573
0.040945315,0.004554891,-0.007543259,0.003703318
-0.012088882,0.004022115,0.017359564,0.003017651
-0.002515396,0.003577324,0.000114004,0.003066703
-0.025979093,0.004921763,-0.021508933,0.002197968
0.020970178,0.00430382,0.002054511,0.002893775
-0.032118516,0.004731087,-0.035418676,0.004258118
-0.026969468,0.005088036,-0.006397899,0.003174165
0.006758194,0.008392161,0.017571071,0.004508809
0.037489316,0.004456997,-0.002890918,0.003298967
0.020903573,0.00439437,0.040034526,0.004726829
0.075046153,0.006229908,0.041123591,0.003906598
-0.022006956,0.003197894,0.024118428,0.004000954
-0.042718205,0.006179311,-0.017540895,0.005805005
0.000604235,0.004841598,-0.005784262,0.003599162
0.017750409,0.003082202,0.018648868,0.004484171
0.007926472,0.00336261,0.040524347,0.004663275
-0.039664323,0.004579713,0.008650566,0.003757762
-0.010397714,0.002730074,-0.028733481,0.003511676
0.031020198,0.004204653,-0.01567483,0.003173038
-0.025898477,0.002536843,-0.024999248,0.004808767
0.021251225,0.005075097,0.009188209,0.003476458
-0.029306242,0.004446809,-0.014860255,0.003985744
0.050236919,0.006666013,0.010237933,0.004755398
0.004968582,0.003804972,-0.018808893,0.002899975
-0.01571579,0.004572311,0.032845434,0.003637289
0.023710317,0.005264771,-0.014255565,0.002563632
-0.012622075,0.005638813,-0.017878497,0.003566234
0.02867081,0.004455999,-0.043946212,0.002965112
0.005528209,0.00363184,0.033898036,0.004040778
0.010923301,0.004993004,-0.011690278,0.003288575
0.009538135,0.002646082,-0.036050378,0.003951298
0.035463294,0.003504744,-0.00483093,0.004142887
0.006369214,0.003793533,-0.001319043,0.006263735
-0.063638453,0.004440404,0.016015289,0.003610939
-0.055773954,0.005612414,0.002346521,0.00508249
0.00373255,0.003729507,0.025225851,0.004029248
0.022754735,0.003956867,-0.005215526,0.004503029
0.002476444,0.004531914,-0.021713663,0.00157536
-0.012007983,0.004513362,0.000350581,0.002711149
0.012886763,0.005258696,0.018659844,0.005165406
0.00277939,0.003450458,-0.044804082,0.005023597
-0.024353007,0.005963697,0.039588224,0.005143267
-0.001557023,0.005370378,0.022395359,0.002837986
-0.040458717,0.004732122,-0.026612007,0.003989912
0.016152164,0.004233406,0.017985932,0.003048787
0.026965009,0.00389438,0.002065848,0.004538327
0.002442295,0.005207461,-0.000263208,0.002936737
-0.03402015,0.003461676,-0.034389307,0.003057736
0.031743474,0.003686652,0.000337621,0.004701393
-0.002234203,0.003637864,-0.017725951,0.004139132
0.013578661,0.004405797,-0.040266783,0.003685297
0.0143941,0.003903639,0.011215877,0.004567592
-0.02314903,0.005700308,0.028842872,0.004314695
0.037705351,0.004485109,0.026190498,0.004039545
-0.005708251,0.006484638,-1.51E-05,0.003018932
-0.048381704,0.005377074,0.007156694,0.003597168
0.011722761,0.002802251,0.006777256,0.005670614
-0.031560481,0.005900762,-0.010892931,0.003825433
-0.033322089,0.006067785,0.005534399,0.002252681
0.036748547,0.005792409,-0.009458614,0.002306006
-0.030018769,0.004323932,-0.019267008,0.00469684
0.019189418,0.001578919,0.030359606,0.002854546
-0.041673505,0.005162075,0.038247748,0.003311583
0.013586052,0.004606246,-0.02747536,0.002838617
0.012498082,0.002846138,0.01511133,0.004179397
0.027090022,0.003795849,-0.033451224,0.004974038
-0.014008376,0.004441693,0.02723235,0.003366294
-0.01365792,0.005301691,0.005613289,0.00362918
0.001487385,0.005109482,-0.029941554,0.002903419
0.002743782,0.005431018,0.002757124,0.004923195
0.02108543,0.004112163,0.006946594,0.00257736
-0.016791235,0.003572752,-0.00660903,0.005955176
0.004264077,0.0052905,-0.017275989,0.002462114
0.02361067,0.004849888,0.025557946,0.004890806
0.014381069,0.0049712,0.02780253,0.003835815
-0.010471003,0.006450334,-0.000178077,0.002471594
0.006769444,0.005045889,0.00372737,0.002947939
0.016865457,0.005280497,0.01982303,0.004419724
0.025978806,0.004292525,-0.016321403,0.004283037
-0.027176226,0.002952212,-0.00722532,0.002516295
0.024522465,0.003357872,-0.03388577,0.006575936
-0.020371362,0.003695204,0.001534088,0.003433382
-0.001593425,0.00530234,-0.006318226,0.004186258
-0.025441266,0.004087379,0.00156444,0.003940185
0.008174623,0.003293931,0.003588832,0.003724734
-0.032196533,0.00611813,0.016241019,0.003755167
0.000414116,0.003279752,-0.000558928,0.002221048
0.027943429,0.00567236,0.009392998,0.00374819
0.005426434,0.00753803,0.013645838,0.003017989
0.023897983,0.00615139,-0.007528994,0.001527434
-0.004422264,0.004051013,0.053820393,0.002673805
0.00558713,0.005683233,0.00701554,0.00391606
-0.016702527,0.004265451,-0.002846356,0.002277202
0.003594995,0.005859595,-0.037406546,0.003446367
0.048512323,0.003348426,-0.013264029,0.002238848
-0.010391566,0.002664229,-0.00132753,0.003717961
-0.006884607,0.001956982,-0.012650825,0.003998775
-0.008280481,0.004418035,0.001071135,0.00455192
-0.003210967,0.005310791,0.01883783,0.005407194
-0.016933561,0.004675067,-0.016443475,0.005333518
0.000119235,0.005326998,0.019219601,0.002814581
0.030971739,0.003891967,0.001166518,0.004686257
-0.032675872,0.004925135,-0.033552612,0.004514572
-0.010333672,0.005167664,-0.026145402,0.004974195
-0.012579426,0.002878289,0.013210297,0.003843849
0.006408622,0.003824165,-0.017407649,0.004981182
0.010128405,0.004649866,0.00221613,0.005049276
0.005749213,0.005186384,-0.008618941,0.003912946
-0.022072481,0.003774203,-0.010628444,0.004372729
-0.018988608,0.005808763,-0.009331486,0.003073869
0.001751001,0.002274978,0.054033764,0.005615738
0.02666279,0.005526353,-0.010472563,0.002531413
-0.009216502,0.004118186,0.013051653,0.003932341
-0.040627036,0.003304319,-0.039557086,0.003409739
-0.020905518,0.004205138,-0.023096749,0.006261795
-0.01583197,0.003369862,-0.011158249,0.003143276
0.024364098,0.004597854,0.026268238,0.005953591
0.034717705,0.005028012,0.010860762,0.00261065
0.008094831,0.005139246,0.000249959,0.002505195
0.037811897,0.002636355,-0.012482794,0.003547189
-0.00067777,0.006156963,0.025080484,0.005243832
-0.031609623,0.005376535,-0.020473946,0.003110839
0.002995638,0.003597289,-0.000530133,0.000836573
0.048979135,0.007273132,0.010424136,0.003170696
0.004280008,0.004526709,0.001840293,0.005456362
-0.002648666,0.005695334,0.00578575,0.00340842
0.004092777,0.005508377,-0.016274716,0.003828826
-0.009386784,0.004517914,-0.00113346,0.004857304
-0.056880141,0.005575366,0.000717987,0.003879953
0.014856554,0.005367227,0.017088804,0.002705689
-0.011242258,0.004021573,-0.015052695,0.004323754
0.019975462,0.003684633,0.021151285,0.00523168
-0.001876943,0.003702298,-0.047578999,0.003009929
-0.003805824,0.003495112,0.019023028,0.004473987
-0.01440097,0.00434064,0.028822449,0.003772392
-0.062873936,0.005081513,-0.022215689,0.001551206
0.057167983,0.00449066,0.003412273,0.00332136
0.011514423,0.00293934,0.029978642,0.003546084
