e2f1averages,e2f1errors,e2f4averages,e2f4errors
-0.006265176,0.002456199,0.001292842,0.001272448
0.021720159,0.002352746,-0.00054159,0.001242765
-0.035292457,0.001789351,-0.015719668,0.000499814
0.019837474,0.002041795,0.014968416,0.001150124
0.012176047,0.001198377,-0.007517438,0.000797269
0.014082771,0.001648029,0.012280875,0.000859694
-0.046690504,0.001869515,-0.013193777,0.000334507
0.020431686,0.001414199,0.00843034,0.000997944
-0.005911582,0.001762598,-0.005170334,0.00085403
-0.011215589,0.001195373,0.002301163,0.000888726
-0.028756791,0.000920839,-0.013708957,0.000549695
0.045883961,0.00236848,0.016578128,0.000655582
0.002683833,0.001725015,-0.009990967,0.001123338
-0.01786083,0.002384605,-0.001932959,0.001054801
-0.032052885,0.001181737,-0.0062299,0.000787403
0.047229882,0.002371971,0.018153826,0.000883719
0.009938424,0.00167249,-0.004671491,0.000875343
-0.003199107,0.001940797,-0.000340228,0.001071727
-0.03843245,0.001578488,-0.008260327,0.000749373
0.031693133,0.00172145,0.013272046,0.000671837
0.000692323,0.001969935,-0.007271892,0.001266557
-0.009400097,0.001465214,0.002035005,0.00076009
-0.021980822,0.001025366,0.004409318,0.000979372
0.030688596,0.000698904,0.00082757,0.000476082
0.021535474,0.001432626,-0.003295738,0.000889124
-0.010513291,0.00120878,0.00453805,0.001094397
-0.032192395,0.00158643,-0.005880768,0.000675615
0.021170211,0.002551053,0.004638456,0.000994966
0.013435765,0.00239473,-0.005955876,0.000854865
-0.019887567,0.001747047,0.001559789,0.00086416
-0.031165644,0.001633459,-0.004384917,0.000633973
0.037617446,0.002502306,0.008781004,0.00110277
0.027719057,0.001962811,-0.000461831,0.001142673
-0.013990576,0.002250997,0.00940372,0.001076468
-0.038835972,0.002589901,-0.003743446,0.001014822
0.025107491,0.002947843,-0.005198443,0.00109951
0.050379663,0.002153047,-0.005250624,0.000768945
-0.04613678,0.001471277,0.001959352,0.001174553
-0.020029069,0.002073909,0.003916499,0.001073489
0.015786186,0.002493361,-0.000625227,0.000998602
0.090674012,0.002964478,0.008068802,0.000554251
-0.103393731,0.001725737,-0.014042274,0.000689083
-0.075953254,0.001512823,-0.006524393,0.000963202
0.088672973,0.00218314,0.012497866,0.000860693
0.100562842,0.001661694,0.040481075,0.000474682
-0.15447356,0.0017971,-0.058649025,0.000365552
-0.067914625,0.001785093,-0.018446154,0.000540874
0.121825344,0.001724433,0.036614103,0.000566536
0.115132971,0.002997928,0.047910941,0.000661342
-0.194295076,0.001066309,-0.075440388,0.000712089
-0.115737583,0.001131974,0.029696632,0.000640458
0.194899688,0.00250512,-0.002167184,0.000771387
0.071598252,0.001192219,-0.017561197,0.000728244
-0.178689998,0.001397023,-0.005145829,0.000709801
0.04812902,0.002061843,-0.014928783,0.000818351
0.058962727,0.002387556,0.037635809,0.00115123
-0.033897572,0.001171702,-0.036934373,0.000421726
0.05669035,0.001162745,0.035843171,0.000483018
0.257249999,0.000886211,0.104467443,0.00055639
-0.280042777,0.002048361,-0.10337624,0.001014758
-0.297175915,0.003488918,-0.064374702,0.001700631
0.242068914,0.001032083,0.074769197,0.000695161
0.108210991,0.001923501,0.060684872,0.00086536
-0.05310399,0.001259158,-0.071079366,0.000435404
0.013007184,0.00246836,0.018442003,0.00102633
0.15090424,0.001956192,0.056495945,0.000724755
-0.203981881,0.002176153,-0.045995975,0.000997121
0.040070457,0.001375565,-0.028941973,0.000385361
0.145293609,0.00265942,-0.014923778,0.000957311
-0.108117507,0.001426428,0.020952913,0.00067471
-0.180581312,0.002501974,-0.060999542,0.000875307
0.14340521,0.001993362,0.054970407,0.00058278
0.103228824,0.001525975,0.020161743,0.000880847
-0.053712465,0.001435139,-0.020474565,0.000706593
-0.132888748,0.002106206,-0.04049693,0.0005476
0.083372389,0.001184923,0.040809753,0.000787959
0.084176735,0.002136353,0.019157418,0.000969299
-0.069758024,0.001472301,-0.00061063,0.000981644
-0.111967111,0.00215737,-0.015782777,0.000945275
0.0975484,0.001597517,-0.002764012,0.001004913
-0.001599823,0.001909709,-0.014915076,0.00081751
-0.011928486,0.001859506,0.007065377,0.000911197
-0.044155578,0.001837521,0.011730441,0.000824583
0.057683888,0.00203821,-0.003880741,0.000976697
0.018255082,0.001906464,0.00724086,0.001032969
-0.021646313,0.001620385,-0.003561629,0.001044129
-0.020214891,0.002026486,0.000115656,0.000894336
0.023606122,0.002109025,-0.003794888,0.000697521
0.006890803,0.002067412,-0.005280597,0.000946523
-0.023267297,0.002130919,-0.001564686,0.000708025
-0.007151616,0.001179077,0.008592854,0.000685186
0.02352811,0.002241976,-0.001747571,0.001164666
0.027681291,0.002568043,0.001948445,0.001159107
-0.014069728,0.001206379,0.004189158,0.00106354
-0.015289422,0.001346799,0.003953181,0.000605339
0.001677859,0.002079567,-0.010090784,0.001166445
0.028014714,0.002571565,-0.001089778,0.00073595
-0.01668953,0.00138727,-0.002646077,0.000602016
-0.013784199,0.001817502,0.006712781,0.000524978
0.002459015,0.001620988,-0.002976926,0.000879503
0.030071378,0.002368116,0.014122659,0.000749916
-0.030947551,0.001680683,-0.011831033,0.000690852
-0.013164751,0.001106793,0.001059688,0.000827325
0.014040924,0.002260792,-0.003351313,0.001195376
0.046806802,0.001390767,-0.001418312,0.000685342
-0.027272628,0.000760964,0.006656615,0.000712024
-0.032365744,0.001554821,-0.004277014,0.000783397
0.012831569,0.002270393,-0.000961288,0.001180912
0.037124011,0.001708438,0.016362339,0.001076149
-0.0272209,0.00206167,-0.017929419,0.000750206
-0.010649569,0.001657211,0.008889574,0.00058793
0.000746458,0.001425794,-0.007322494,0.000666841
0.044024944,0.003085394,0.013968538,0.001381822
-0.04283799,0.001678718,-0.00643296,0.000803399
-0.014715403,0.001606072,-0.005912113,0.000982089
0.013528448,0.001877713,-0.001623465,0.000796485
0.027897693,0.002000319,0.01657958,0.000868568
-0.016130929,0.001697177,-0.009291488,0.000778699
0.003933892,0.001719756,-0.005209615,0.000470799
-0.015700656,0.002431991,-0.002078477,0.000931923
-0.008988742,0.005363742,0.007874844,0.002131484
-0.028090942,0.004262566,-0.016289505,0.00147205
0.016928599,0.004233983,-0.007423218,0.00159099
0.02411361,0.002946479,0.001324425,0.001430636
0.000109725,0.002675402,-0.004175747,0.001048525
0.025582207,0.004431836,0.0219951,0.001084494
0.001559873,0.005810774,0.020886622,0.001710083
-0.000225763,0.00491135,0.001244791,0.001381307
0.027601521,0.003547485,0.00393685,0.00183873
-0.008463375,0.001573146,-0.002504241,0.002020698
-0.011073146,0.004011783,-0.009142824,0.002311668
-0.003943718,0.00456301,-0.007309682,0.0020611
0.009409526,0.002116474,-0.000452497,0.001203481
-0.047367518,0.006143977,-0.002662353,0.001645228
0.02261467,0.003424614,-0.003525936,0.001802465
-0.026031701,0.004914213,-0.002483788,0.001921227
0.017053773,0.00570628,-0.022865347,0.001318373
0.033056757,0.005292755,0.006929003,0.002291337
-0.02766113,0.006270523,0.010747052,0.001598249
-0.015382136,0.004378109,0.00080829,0.00173777
0.015649733,0.004545335,-0.008550924,0.002316025
0.040739271,0.001869567,-0.007687369,0.0022202
-0.012562809,0.00370404,-0.010510648,0.002218023
0.04806838,0.003527518,0.002795871,0.001705225
-0.035924292,0.004491199,0.001807797,0.001404294
-0.016182129,0.006737894,0.005430852,0.001904854
-0.015066056,0.003195709,0.002125405,0.002091126
-0.006121948,0.003365475,0.02052117,0.002401477
-0.006568549,0.003352457,-0.007536174,0.002800934
-0.011558068,0.002279649,-0.005067711,0.002179979
-0.007722044,0.004673604,0.006170818,0.002067118
0.021901406,0.004104918,0.004340325,0.002388599
-0.015853193,0.00540658,0.007374955,0.002556617
0.003146281,0.004290749,0.003090262,0.001566832
-0.012622338,0.005511527,-0.01261039,0.001951748
0.066188602,0.005239617,0.00452832,0.003114384
0.000130742,0.004123016,0.009995592,0.001488295
-0.035987144,0.002450576,-0.017095947,0.001198128
-0.021924532,0.00321562,-0.002445924,0.002211622
-0.070742274,0.003666128,0.010670792,0.002017938
0.008686496,0.003615209,-0.000205263,0.001569241
-0.030093889,0.003494432,-0.011805345,0.001751555
0.024581493,0.003478658,-0.032543827,0.001726197
0.025583355,0.003284578,-0.007900107,0.001377853
0.007429357,0.00511137,0.016943922,0.002702437
0.015657468,0.00507441,-0.002975555,0.002141614
0.011086192,0.005711072,0.024193285,0.001599302
-0.010559071,0.004937224,-0.004934437,0.001667321
-0.005478903,0.005217769,0.016157481,0.002323304
-0.032874804,0.004351209,-0.004758189,0.001528669
0.033668617,0.0033361,0.01596271,0.002071868
-0.035028001,0.006538211,-0.018368133,0.001314439
0.001822305,0.004901133,-0.003651295,0.002414509
0.045594469,0.003986788,0.015967823,0.001870615
0.023319425,0.005470522,-0.003446342,0.00205374
-0.047050835,0.006780235,-0.013711519,0.002499595
-0.039553574,0.005432489,-0.012077699,0.001927932
0.028141428,0.005324361,0.010056739,0.002250391
-0.032741499,0.003083464,0.003009297,0.001829917
0.037878829,0.004436937,0.023407101,0.001504203
0.018562495,0.004215255,-0.009746828,0.000747815
0.007484402,0.004550422,0.009677598,0.002085789
-0.021142105,0.004464616,-0.015155038,0.001465661
0.037235227,0.007265891,0.00164471,0.001558705
0.006708388,0.004832398,0.004937145,0.003165291
0.019496293,0.003369051,0.005587503,0.001911077
-0.035121016,0.003658917,-0.004946216,0.001985777
-0.00435073,0.00584727,0.002963501,0.00147519
0.009084711,0.005501651,-0.006564518,0.002341811
-0.037838024,0.004005661,-0.003926781,0.001808008
0.020882791,0.006107902,0.002710451,0.001963253
-0.016892187,0.004429117,-0.00324758,0.002128185
-0.007735027,0.004395338,0.010658967,0.002925404
0.014916822,0.002383325,-0.002415065,0.0014871
-0.047955711,0.002889425,-0.002350247,0.001896636
0.051087663,0.004416594,0.0007825,0.001923029
0.00660209,0.004834545,0.000551264,0.001613062
0.010447961,0.005015071,0.001439414,0.002312826
-0.002252184,0.004432621,-0.003517621,0.001667689
0.025094207,0.003532992,-0.010180154,0.001451254
0.00849265,0.003556279,0.003406822,0.002673201
-0.019183409,0.003358687,-0.001929734,0.001697062
0.003364306,0.002772811,-0.018442157,0.002019865
0.025038957,0.003752932,0.010582694,0.001548459
0.005177363,0.003962658,0.004839602,0.002588073
-0.004200892,0.003738861,-0.013481995,0.001812473
0.056436306,0.004233782,0.016769917,0.00191604
0.018516025,0.004223342,0.005052083,0.002500556
0.015056826,0.006113714,0.003478566,0.001823532
0.004898063,0.004361732,0.000159725,0.001787577
-0.026900546,0.004225604,-0.002174715,0.001976546
-0.002662386,0.006303899,0.003020133,0.001572062
-0.024908449,0.003777986,0.000150639,0.001352412
-0.012086635,0.002220776,-0.008203462,0.002111429
-0.015908409,0.003967892,0.000411608,0.001768959
-0.017047,0.003377956,0.00864115,0.002497445
-0.027515044,0.004685087,-0.007660123,0.001952954
-0.011920215,0.00439851,0.00623376,0.001920708
-0.011224428,0.004924011,0.000303606,0.001805509
0.011469839,0.005465968,-0.005415558,0.001171472
0.009599705,0.005108386,0.007878501,0.001777403
0.002127367,0.002274622,-0.008643719,0.001112563
-0.012089281,0.003912779,-0.007454153,0.002013475
-0.026235758,0.003456234,0.009397376,0.002128294
-0.020404472,0.005226433,-0.019085134,0.002581381
-0.030828591,0.003419638,0.002098543,0.001462133
0.048422036,0.004043053,-0.000447013,0.001803338
-0.031488181,0.004227464,-0.019118345,0.002223737
-0.001125744,0.003276718,-0.002878943,0.002085578
0.041214417,0.003750572,0.002994119,0.001317425
0.002390417,0.001489908,0.010763254,0.002556446
0.010917428,0.002024196,0.017840052,0.001275217
0.028233046,0.003700603,-0.004357898,0.001073747
0.003428803,0.002576364,0.002229071,0.001547134
0.001585952,0.002645597,0.002932245,0.002337648
-0.004414972,0.002916761,-0.001594996,0.001113295
-0.033850675,0.002240811,-0.003807407,0.001896199
0.02635248,0.003368726,0.00908969,0.002970652
-0.032209899,0.004746018,-0.001276766,0.00113038
0.003924379,0.003808898,-0.005033538,0.002091378
-0.001701595,0.004787425,-0.001460031,0.0007563
-0.013027231,0.004417701,0.003392907,0.001334102
0.011079338,0.00380215,-0.009418815,0.002438345
0.008486201,0.004687264,0.019169068,0.001581915
0.03097006,0.004991979,-7.84E-05,0.00199761
-0.011658038,0.004327975,0.003443064,0.00276671
0.007447443,0.005113922,0.009906722,0.002013032
-0.004213604,0.004287871,-0.014704559,0.001822224
0.009279444,0.003945491,0.003026347,0.004042092
0.015525289,0.005484906,4.35E-05,0.002996263
-0.007704826,0.004476345,-0.005095055,0.002250443
-0.001180869,0.005489184,-0.001648822,0.002450219
-0.010724534,0.004897909,-0.004654512,0.002105329
0.018260885,0.003208734,0.014797474,0.002260339
-0.023632529,0.003054319,-6.14E-05,0.002813887
0.007917649,0.004436886,0.002039076,0.001453119
-0.034366677,0.003593888,-0.031679431,0.002484084
-0.014073359,0.003823384,0.003547858,0.001159609
0.003909721,0.002934162,0.001099174,0.003078995
0.003135129,0.004827143,0.006879876,0.002245747
0.016327259,0.003889045,0.008814986,0.001197024
0.025283328,0.004006712,-0.013339638,0.001546711
-0.005958976,0.005463217,0.003891893,0.002500581
-0.007908518,0.002745841,0.0071684,0.002656796
0.003116646,0.004808007,0.003388048,0.001936935
-0.027908094,0.004346432,0.002422932,0.001760935
-0.026594925,0.003813751,-0.009771803,0.001673795
0.041397477,0.004296065,0.006307,0.001472386
0.023717447,0.004227158,-0.002475313,0.001470804
0.005502339,0.001640765,-0.020899986,0.001649409
0.005660571,0.003495867,0.007645647,0.001369651
-0.048439426,0.002971505,-0.001233153,0.002999006
0.006104199,0.003429873,-0.009892377,0.002932426
0.03211275,0.004978492,0.013551478,0.001384485
-0.020717836,0.00382643,-0.005919661,0.001943265
0.015520804,0.003313082,0.01301001,0.003455702
-0.053977436,0.004699246,-0.008752099,0.001297552
-0.008618834,0.004555473,-0.010687044,0.001672784
0.024329981,0.00192828,0.010201279,0.001565185
0.017578747,0.003953074,0.015406205,0.001853712
-0.024785361,0.002603691,-0.007396331,0.002149724
-0.013468065,0.004197333,0.006075391,0.002356846
0.02394518,0.003244165,-0.00687117,0.002090923
-0.000476022,0.006682089,0.001784477,0.002431437
0.004327225,0.004346922,0.007039383,0.001742439
-0.015286191,0.002916181,-0.012570805,0.001758137
0.009644461,0.003276172,0.008412737,0.001889792
-0.022726431,0.004180356,0.000354795,0.003075323
-0.019875327,0.003395896,0.010683466,0.001521684
-0.03272073,0.004301426,-0.00167222,0.001566449
0.036448657,0.00346991,-0.015128885,0.001851427
0.000792517,0.005704128,-0.008273151,0.001584761
0.033309231,0.003020449,0.008878875,0.001924158
-0.008575304,0.004970637,0.007855469,0.00110634
0.004360073,0.003479273,-0.001625648,0.001971154
-0.003670704,0.003900222,-0.01125534,0.002168405
0.039556249,0.003759482,0.007514678,0.001390468
0.008713994,0.00656902,-0.007632057,0.001120418
-0.014069802,0.003919225,0.005208223,0.002146579
-0.022662483,0.005136994,-0.007346303,0.001998057
-0.026295122,0.007109069,-0.00435393,0.00215727
0.0400015,0.003012144,-0.001577603,0.001063469
-0.000166417,0.004129168,0.001776081,0.002086144
0.014377744,0.003466226,0.003828587,0.002326922
0.016741366,0.003859583,0.01765641,0.00183427
-0.006637376,0.0040546,0.012656097,0.001519412
-0.030529066,0.003007799,-0.007927915,0.00188027
0.012102344,0.004904008,-0.004820629,0.001806923
0.027483815,0.00548417,-0.002469692,0.002065711
-0.021311239,0.005222755,0.007088949,0.002656621
-0.017356717,0.002011965,0.005906214,0.001662916
0.025935173,0.00389982,-0.008928983,0.001607352
0.043563683,0.00301199,0.001714056,0.001892654
-0.018154569,0.003429396,0.009400017,0.001480507
0.010902605,0.004083627,0.003702413,0.002143285
-0.009144741,0.001944022,-0.008283744,0.002464732
-0.017048486,0.004397649,-0.005257359,0.001937455
0.021803005,0.004874407,0.008426969,0.002454271
-0.022365128,0.003855123,-0.000399033,0.001955275
0.000473734,0.006713109,-0.001860836,0.001688755
-0.040401421,0.004810181,-0.017610118,0.002970773
0.00744276,0.005082198,0.005993334,0.00133728
-0.000528291,0.002873734,-0.005350985,0.001476707
0.009062579,0.002435186,0.000437964,0.002078682
-0.030247905,0.003670233,0.001959512,0.000820827
-0.000334291,0.005705947,0.0074099,0.001815996
0.03242024,0.005528428,-0.001080571,0.00222085
0.015240059,0.003786141,-0.009192488,0.002438601
-0.046410857,0.00656097,0.013813383,0.002080762
0.058850824,0.005642762,-0.002803153,0.003082171
-0.026401509,0.00409538,-0.010064005,0.002530489
0.004986558,0.005824421,-0.005390597,0.002645109
0.037504337,0.004440775,-0.000342694,0.00165416
0.004642681,0.004738119,-0.006643177,0.002174241
0.041386716,0.005940098,0.005012899,0.00206721
-0.035055201,0.002913044,-0.018277949,0.001556795
0.015101193,0.003055631,0.002869958,0.001649609
-0.007898967,0.005533085,0.016499952,0.002317953
-0.019154682,0.003595655,-0.003456274,0.0028626
0.003458542,0.005113313,0.001859392,0.002591127
-0.037294136,0.003579605,0.003409058,0.00184202
0.014358958,0.00220984,-0.003745126,0.002363242
-0.009418297,0.00522702,0.008966044,0.001632506
-0.016516989,0.004557558,-0.003640671,0.002262118
-0.020513493,0.003335472,-0.014391558,0.002199919
0.00751454,0.005081394,0.016065151,0.001711186
0.000989664,0.003387812,-0.004379891,0.001404342
-0.019387151,0.00415517,-0.010525633,0.001875622
0.010905964,0.005863181,0.007179276,0.001352617
-0.039473794,0.003569314,-0.014740687,0.001264562
-0.018267991,0.004648989,0.00784631,0.001992582
0.025517105,0.005203907,0.027798314,0.001794812
0.001872189,0.004513316,-0.013037093,0.001130382
-0.012686291,0.002566392,-0.011556564,0.001270378
-0.000213407,0.002802489,-0.01877579,0.001161174
0.000138983,0.005459525,0.01549216,0.002766713
0.04135431,0.005728815,-0.002867326,0.001436355
-0.024146696,0.002780573,-0.006126047,0.002163947
-0.02117063,0.003244267,6.98E-05,0.002518297
0.035513811,0.005701984,0.015719633,0.002473219
0.037194902,0.006527136,-0.001098585,0.001837874
-0.006162908,0.00423829,0.000227196,0.001562375
-0.003779383,0.006265611,0.004432008,0.001475731
-0.004109741,0.003250353,0.002911451,0.001106902
-0.019244506,0.002233603,-0.006388204,0.001127579
0.025984601,0.00248367,-0.006898385,0.000952319
-0.029979916,0.004140864,0.004492552,0.001946902
0.010017771,0.004896907,-0.000288226,0.001563981
-0.000687933,0.006488279,0.018868869,0.001669227
0.000938363,0.006349861,0.009535148,0.002067026
0.004674819,0.002559429,-0.008850353,0.00322278
0.000449113,0.006109282,-0.001179925,0.002525136
0.025044481,0.004379257,0.003906932,0.001008087
-0.042078313,0.003387136,-0.019009525,0.002833203
0.038924366,0.003799924,0.022244148,0.001361828
0.010044165,0.005276755,-0.004751273,0.002064064
0.002280916,0.004619088,0.00748284,0.001259259
0.001427442,0.00679925,-0.010664574,0.002038979
0.020857861,0.004048922,0.00575098,0.002420157
-0.010731984,0.003280382,-0.00253195,0.001683843
0.002296296,0.005710972,-0.011328523,0.001787055
0.021945895,0.003993973,-0.005973051,0.002432706
0.024350131,0.003709024,0.022025746,0.001770877
-0.006544435,0.004466971,0.01816504,0.001705539
0.016934533,0.002202574,0.000203893,0.002062874
-0.006097676,0.003297397,0.013373485,0.001929941
-0.007191153,0.002733316,-0.01036234,0.001543382
-0.021934327,0.002627699,-0.009524513,0.001726361
0.004027205,0.005163109,-0.007145326,0.000726769
-0.007488047,0.006113808,0.001523223,0.002952414
0.006928466,0.004829189,-0.000854273,0.001344504
-0.031122699,0.003513228,-0.014812148,0.002241187
0.026946853,0.003701037,-0.004164867,0.002223364
0.036374082,0.005220606,-0.005410975,0.001864198
-0.05879294,0.003895273,-0.002259596,0.001891312
0.007589314,0.003569267,0.007026457,0.001425695
-0.009298323,0.004745132,-0.008079695,0.001910685
-0.017140819,0.003096366,-7.38E-05,0.00197681
0.009405383,0.0018366,0.0029179,0.002145744
0.029990253,0.003841093,-0.01461969,0.001801187
-0.031306917,0.002998488,-0.000251671,0.001986851
0.004302863,0.00524988,0.013718504,0.00151308
-0.044796859,0.004112023,-0.011981648,0.001790829
0.042574594,0.006202802,0.015467543,0.00239561
0.04136809,0.005780139,-0.000505547,0.001529888
0.007363534,0.004005398,0.011559036,0.001563749
-0.024329467,0.00335966,-0.016991692,0.00182027
-0.023448748,0.004654378,0.013309506,0.002303563
-0.052031477,0.002745999,-0.016901509,0.001377327
-0.013432796,0.003768563,0.013068903,0.002123411
0.026875978,0.003254855,-0.001030507,0.001897901
0.014472323,0.004944749,-0.004045271,0.002368174
-0.00383067,0.00326803,-0.005054895,0.001617967
-0.02785673,0.004620675,-0.006076202,0.002113235
0.031555437,0.005173907,0.019704168,0.002712779
-0.012072171,0.003154373,0.011898799,0.001582669
-9.20E-05,0.004447838,5.48E-03,0.001632639
-0.020543209,0.003081038,-0.012709693,0.001581713
0.005458476,0.002676008,-0.018255346,0.000992812
-4.48E-05,0.002135222,-1.09E-02,0.002259318
-0.011128534,0.002771204,0.008356114,0.00158376
0.03882871,0.005290464,0.01518999,0.002796586
-0.034094037,0.003471169,-0.004525635,0.002189944
0.019503078,0.004332294,-0.002410879,0.00150111
0.047505374,0.004810737,0.006373621,0.001735357
-0.030203741,0.005655144,-0.004297385,0.001540182
-0.01715252,0.00385445,-0.001188849,0.001605683
-0.001292363,0.003838541,0.005520788,0.001753492
-0.006320498,0.004546415,0.015166249,0.002378018
-0.015144612,0.003660556,-0.011522648,0.001266463
-0.008513788,0.003155428,-0.006580421,0.003064558
-0.022221443,0.003985194,-0.018533978,0.002492982
-0.036924296,0.003565402,0.004037798,0.00273484
0.029840481,0.004543327,0.005519028,0.001715305
0.012288555,0.004614261,0.006332481,0.002176018
0.035550939,0.004227005,0.014310159,0.00153965
0.031108909,0.003975472,0.003035189,0.001621972
-0.012688668,0.002505056,-0.012685797,0.002341426
0.024958083,0.006667235,0.011418264,0.002593576
0.000902722,0.003476051,-0.003632454,0.001732157
0.047918923,0.004070686,0.017485273,0.001650986
0.002636575,0.002279956,-0.012941915,0.002400874
-0.003524512,0.00330768,-0.009281385,0.001329748
-0.02232932,0.005422679,-0.002471888,0.001534209
0.036124182,0.005391086,0.018762992,0.002704978
-0.023841373,0.003863607,-0.024162981,0.00202111
-0.030024223,0.004298315,-0.008848157,0.001513585
0.0119064,0.005053001,0.006944116,0.001292581
-0.019000213,0.00450536,-0.005420129,0.001951883
-0.019807442,0.006889755,0.007428416,0.002207584
0.024989963,0.0033507,-0.001881453,0.001614565
-0.014393928,0.00357407,0.001145195,0.002003716
-0.000246281,0.003394281,0.002101307,0.001324299
0.00292202,0.005200322,0.010485765,0.001346753
0.005073775,0.004516326,0.001763776,0.001737325
0.002287777,0.001113562,-0.008380823,0.002267282
-0.000109631,0.004363346,0.00551128,0.001755473
0.041378793,0.004712186,0.001304751,0.002221374
-0.059914239,0.004005025,-0.017537738,0.001498527
0.001491881,0.003105924,0.001424843,0.001573266
-0.059225582,0.004514523,-0.016471621,0.001906537
0.014482595,0.004116307,-0.011836349,0.002601865
0.02603684,0.003670172,0.019574825,0.00138135
-0.01949012,0.005057229,-0.01491255,0.002105286
0.020858311,0.003848483,-0.000108435,0.002150343
0.009469835,0.004082159,0.024859687,0.002590026
-0.012135696,0.004188886,-0.010604228,0.001861382
0.038604712,0.002719492,0.023920369,0.002232115
-0.020590017,0.003958261,-0.015280383,0.002028874
-0.006666251,0.003905422,0.001095925,0.002329438
-0.022910347,0.004962903,-0.007654763,0.001973175
0.039318818,0.003066045,0.018749392,0.001240583
-0.018423484,0.004581456,-0.011265664,0.001982442
-0.012313279,0.003988176,0.013936298,0.001908249
0.002945001,0.003425782,0.00852083,0.001451355
-0.023596904,0.005847025,-0.001720852,0.002034463
0.017610746,0.004213953,0.009840471,0.001918996
-0.031191042,0.005967899,-0.018822304,0.002457792
0.006308031,0.004246214,0.02299351,0.001628108
0.014774724,0.003640573,0.005889646,0.001407481
0.004467767,0.0031763,-0.003513763,0.002248218
-0.001377411,0.004113945,-0.00343401,0.00169926
-0.013528637,0.005217717,-0.00158586,0.001784381
-0.023802699,0.004084345,-0.02573322,0.002702664
0.019379499,0.003082282,0.003125084,0.001355886
-0.037465906,0.003798546,0.001356907,0.001693218
0.014306248,0.003301039,0.001647315,0.001953691
0.059926524,0.004461964,0.003174929,0.001957488
0.016671113,0.005002926,0.011874123,0.001036522
0.034647424,0.004029441,0.011899467,0.001901757
0.027182927,0.004103395,-0.012085042,0.002075775
-0.013125795,0.004118958,-0.007948119,0.001601256
0.04784238,0.004115046,0.003030981,0.0020644
0.01039184,0.003937522,0.010439211,0.002399206
0.004139067,0.003701481,0.004987385,0.002951137
-0.036357758,0.005259519,-0.002871125,0.002278716
-0.030049238,0.005020043,-0.004564483,0.002729709
-0.000250432,0.004764184,-0.007801449,0.001391847
-0.018882624,0.004788329,-0.003071697,0.001429245
0.022645338,0.003631028,0.004484293,0.002349322
-0.049792712,0.006751831,-0.021062906,0.001828187
-0.002903513,0.002536549,-0.002247633,0.000976967
0.018772781,0.002556154,0.008677766,0.001851985
-0.000242203,0.006161026,0.007086798,0.002305426
0.030305959,0.004971349,0.026472865,0.001462544
-0.021042617,0.003789168,-0.007985928,0.001427714
0.017096182,0.00407644,0.003504373,0.001486479
0.019697397,0.002177744,0.001613701,0.001346886
-0.001910142,0.00402668,-0.002424211,0.00200021
0.027794956,0.00247279,-0.011786447,0.001056375
0.034571766,0.002972976,0.014861709,0.002026736
0.005892932,0.004787002,0.013547551,0.001732144
0.013496219,0.004170873,-0.011282699,0.001649417
-0.005129904,0.003451198,-0.010750323,0.002645615
-0.039233036,0.003294896,-0.001129235,0.003212913
-0.002444102,0.005002485,-0.007221078,0.002140693
-0.009783449,0.002838973,-0.00722293,0.002242155
-0.045829609,0.005505464,0.006738408,0.002004231
-0.017203832,0.003696264,-0.0070249,0.001694303
0.015256751,0.005051998,-0.003206593,0.001734599
0.003401194,0.003496129,-0.003010058,0.001805571
0.030231562,0.004005332,0.010578096,0.001807614
0.004377028,0.004701914,0.00395651,0.001602937
0.004341943,0.003386142,0.003638274,0.001687655
-0.023415074,0.00454081,-0.022994366,0.002092754
0.011651487,0.004031647,-0.009882767,0.001616582
-0.004880178,0.002837666,0.004942495,0.001774665
-0.013514215,0.004285094,-0.016447784,0.002297107
-0.011131148,0.004116645,0.02168567,0.001573305
-0.009936289,0.003992077,0.020026977,0.001772892
0.022240863,0.002791382,-0.001789924,0.001336014
0.00528629,0.002544231,-0.001215161,0.002716487
-0.013871643,0.004048433,-0.004082294,0.002164701
-0.02197194,0.00488835,-0.006353416,0.001421945
0.009432848,0.004867347,0.008426305,0.001771443
-0.002756018,0.007795798,-0.002940509,0.001398708
0.017592668,0.003007725,-0.000856624,0.001296847
0.032547873,0.003391742,0.021405465,0.002110352
-0.085038072,0.00332113,-0.035880832,0.001770047
0.011174159,0.002266682,0.00172518,0.002325099
-0.016214412,0.004471316,0.00104705,0.001624311
0.007901902,0.003787419,-0.007238379,0.001634389
0.025905147,0.005538327,0.015301598,0.002112383
-0.029558087,0.004135575,0.011942374,0.00253825
-0.002111366,0.00364533,-0.005221205,0.002167656
-0.02817029,0.002829591,-0.011481113,0.002193678
0.003430423,0.003089737,0.005106864,0.001943722
0.007294238,0.004249318,-0.005547784,0.001157226
0.02711133,0.002772377,0.011681057,0.001912353
0.010455768,0.003045744,-0.005628111,0.001445213
-0.01517933,0.003852001,0.001832192,0.002343375
0.000665656,0.003289177,-0.004068502,0.001947487
-0.02495748,0.004907922,-0.00345036,0.001265953
-0.021532419,0.004119343,-0.005977121,0.002856061
0.013369989,0.002751179,-0.012982026,0.001990664
-0.018129602,0.002747618,-0.008707391,0.000906205
0.014140625,0.004309967,0.002596271,0.002420548
-0.023394662,0.003938975,0.019915766,0.002374848
-0.027563011,0.003739894,-0.007625672,0.002264205
-0.007296601,0.004274394,-0.004195401,0.001504029
-0.028954649,0.003693676,-0.011343807,0.001362163
0.026891487,0.003939855,0.010309731,0.001872006
0.008761043,0.003761082,0.006119296,0.001246967
0.008544576,0.002899417,-0.000651126,0.002739506
0.054020424,0.00668689,0.00794381,0.001558789
0.015542119,0.003473841,-0.002487118,0.002257774
0.011076197,0.004627368,-0.001362201,0.001851038
0.020652175,0.004227914,0.016535806,0.001819831
0.070234503,0.004663714,0.010926415,0.002446756
-0.002287979,0.004812234,0.008605834,0.000842048
-0.003529737,0.003906984,-0.005482524,0.001489513
-0.038074447,0.005765295,0.005106096,0.001844128
0.001826465,0.004264671,0.003623317,0.001906345
-0.012569441,0.00395317,-0.001048,0.002606876
-0.001053963,0.004123085,0.005515274,0.00174442
0.032001338,0.004194565,0.009929921,0.002254333
0.008358804,0.004760264,-0.006413258,0.001657553
-0.032552759,0.004058077,-0.012055203,0.001950354
-0.03806474,0.006295938,-0.014458403,0.002535733
0.012063822,0.006643386,-0.00847511,0.00133986
-0.017301718,0.006391875,-0.002857786,0.001335069
0.004895683,0.003554803,0.010727326,0.001651877
0.032912674,0.002564719,-0.001008834,0.001951526
-0.003422741,0.003266969,-0.008590941,0.002052688
-0.044918625,0.004342951,-0.004380113,0.002005228
0.05586145,0.001630525,0.002471744,0.00265442
-0.00962582,0.002803865,-0.009455241,0.001978831
-0.028716008,0.004723262,-0.010411645,0.001167294
0.021139839,0.003738179,0.001071386,0.000967623
0.015233599,0.00282294,-0.008621321,0.002594776
0.042031883,0.004436204,0.016343777,0.001724067
-0.054451638,0.004737993,-0.017785668,0.002649826
0.014590861,0.004011817,-0.012671831,0.002439083
-0.002896557,0.004081278,0.014713147,0.001791739
-0.012676629,0.005076616,0.004421985,0.003000645
0.029016049,0.004467839,0.021016829,0.001741673
-0.021519429,0.004971998,0.012185972,0.001509645
-0.003405048,0.004239014,-0.009968252,0.001532056
-0.017094772,0.003972792,-0.004313368,0.00153616
-0.002456723,0.004215068,0.006942388,0.001947598
0.024341755,0.00410517,-0.005360877,0.002728775
-0.011437379,0.004114173,0.006233919,0.001758036
-0.033285413,0.00349515,-0.000448631,0.001917945
-0.008319906,0.003233342,-0.006586451,0.001844335
-0.007033594,0.003962584,-0.005976629,0.001820028
-0.04354769,0.002326243,-0.016302422,0.002324374
0.053781013,0.004278522,0.025694361,0.002175327
-0.019544725,0.003571953,0.004689962,0.00218931
-0.031685472,0.003547827,0.016559892,0.001496165
0.008041722,0.003579392,0.00053618,0.002255409
0.02096222,0.002945388,-0.008306787,0.002191764
-0.002119176,0.002765588,-0.000482283,0.003285886
0.005113057,0.00438062,-0.019785733,0.002219236
0.029735766,0.006309136,0.008519074,0.001321485
-0.036261144,0.002714032,-0.001769651,0.00124546
0.020093323,0.00361164,-0.001598839,0.001617813
0.01744176,0.00318434,-0.00263351,0.001713042
0.011778106,0.0031658,0.003900379,0.001043101
0.004640538,0.005009099,-0.001040339,0.002445468
0.023616257,0.004685201,0.008093113,0.001734544
0.001744523,0.003946404,0.010331718,0.002464132
-0.023852,0.002704943,-0.011702671,0.001923333
-0.019094871,0.00524314,0.002765003,0.000926119
-0.000601315,0.005115414,-0.009124286,0.001687066
-0.005118091,0.004582976,-0.000395013,0.001733397
-0.016618471,0.004928925,0.001409444,0.002099878
0.007022546,0.003514766,-0.001817935,0.00161084
0.0028399,0.004197773,0.002674901,0.001677464
0.013165025,0.006384406,0.000525426,0.001595009
-0.02251578,0.005700154,0.004540175,0.00258077
-0.010692856,0.004708177,-0.002722186,0.001840374
0.053862175,0.004038633,0.003976786,0.00176896
0.033690732,0.004910193,0.00636732,0.002042981
0.010268341,0.004760368,0.010659144,0.002369465
0.011281754,0.007017319,-0.01489545,0.002369125
0.011858566,0.005172165,-0.0035791,0.00193154
-0.009759277,0.004182779,0.004407017,0.002600848
0.017530104,0.003544503,0.002538146,0.002219901
0.012317473,0.003370128,0.012803498,0.002762722
0.033825898,0.004468828,0.001463216,0.001618503
0.066735827,0.003950029,0.026296774,0.002061584
-0.089086086,0.003043055,-0.013837012,0.001475611
-0.035427291,0.003824967,0.003746454,0.001607745
0.01597712,0.004770081,-0.032632952,0.001691652
-0.015464186,0.003067929,-0.005074654,0.001379403
-0.026185298,0.00404537,-0.004550093,0.001914829
-0.017774378,0.003182704,0.010654591,0.001425764
0.007929758,0.005694155,-0.004828731,0.001887042
0.052955836,0.004632444,0.013700162,0.002144767
-0.04217098,0.004099731,-0.005457683,0.002512549
-0.020076925,0.003538233,-0.016731359,0.001739419
0.026969302,0.004060517,0.017538673,0.002042689
-0.05761055,0.005140402,-0.02156796,0.002025219
0.020140505,0.003871032,0.001490699,0.002818304
0.028806041,0.003483981,-0.00273956,0.002171689
-0.056071529,0.003711667,-0.014857594,0.002178867
-0.003864955,0.005435113,0.003829117,0.002372059
0.054066332,0.002542833,0.029075928,0.001795282
0.017219869,0.002736983,-0.005622704,0.001685028
0.008242816,0.004114225,0.023036074,0.003309238
-0.035718152,0.005165528,-0.005691917,0.002121069
0.011473182,0.002744124,-0.003243047,0.001441028
-0.009729976,0.002419784,-0.012454026,0.001233787
-0.008621393,0.00382423,0.009098919,0.001286581
0.05768717,0.006545694,0.010740883,0.001873587
-0.036284321,0.005511052,0.005168209,0.00125533
-0.028547939,0.002825605,-0.010547366,0.002446427
-0.006708807,0.005907063,-0.008281936,0.001588509
-0.038397417,0.006632399,-0.019053621,0.002198521
-0.008710339,0.003782167,-0.008513678,0.001003734
0.03032125,0.00465073,0.028769191,0.002617458
-0.027239561,0.003650356,0.003401675,0.001603303
-0.017146773,0.004278192,-0.010500236,0.002412515
0.001304476,0.004286041,-0.019213345,0.002410447
-0.010378871,0.004376663,0.011432389,0.001960307
0.003464565,0.004050128,-0.001879946,0.002620961
0.045064134,0.006020387,0.016818828,0.001135089
-0.024656681,0.004025358,-0.018673388,0.003362765
-0.002739389,0.003405638,-0.01335224,0.002321281
0.024132531,0.003794481,0.029941136,0.002129743
0.000904691,0.006709495,0.008302908,0.002687337
-0.004255371,0.004866975,-0.013165389,0.002072296
-0.027516482,0.002561722,0.006667173,0.001775458
0.010324096,0.005620007,-0.011736814,0.001098613
0.027437572,0.006060188,0.007898838,0.001061561
-0.0048084,0.003040731,0.008574772,0.001542324
-0.022094977,0.005519287,-0.004936709,0.001051011
0.008176426,0.005136491,0.002281423,0.002032624
-0.015930206,0.007787802,-0.006946644,0.00224143
0.02788886,0.003331539,0.010922699,0.001303822
-0.02372249,0.00613362,-0.014490237,0.002575056
-0.019372261,0.006332385,0.000700142,0.002027589
8.96E-05,0.003177584,-2.15E-02,0.001766317
-0.009908056,0.003599112,0.004181764,0.000987126
0.022109078,0.00416681,0.015171961,0.002261672
0.055785446,0.004549821,0.002833682,0.00164714
0.220266771,0.006676488,0.035821141,0.002141905
-0.072540812,0.005906238,-0.021657618,0.001433998
-0.072204661,0.003622102,0.009054033,0.001608256
0.06971713,0.006084844,0.015893717,0.002216488
-0.027556114,0.005893415,0.009070738,0.003436685
0.007877202,0.004446558,-0.00749893,0.002983196
-0.010854477,0.004761619,0.000201359,0.001091659
-0.041908942,0.00267705,-0.004568886,0.001668574
-0.005236597,0.004971485,-0.003178583,0.001714086
-0.016259673,0.00601906,-0.024050523,0.001545883
0.013031917,0.005434693,-0.005253978,0.002555767
-0.05639524,0.006987887,-0.003023917,0.002159465
-0.009526507,0.003838444,-0.000929041,0.00203439
-0.036517957,0.003745083,-0.01202827,0.001641779
-0.028875842,0.003322139,-0.022240325,0.002287551
0.117363464,0.006348714,0.029138458,0.002747453
-0.029259658,0.004885646,0.003864165,0.001547269
0.022059419,0.008004656,-0.001138688,0.003308901
-0.037638435,0.004825546,-0.015874583,0.002087671
-0.033490998,0.003833536,-0.01516662,0.002555073
-0.047414241,0.003859224,-0.001597653,0.001382901
0.012456124,0.004159128,0.006219246,0.0015257
0.096442485,0.003819317,0.006301986,0.003004811
-0.037332497,0.00296553,-0.006833639,0.00150002
-0.017291838,0.005336629,-0.005866765,0.001702336
0.077153173,0.003526891,0.036233129,0.001900761
0.050379568,0.00628764,0.023698984,0.001694115
-0.060891116,0.003877485,-0.020168928,0.001443368
-0.029075276,0.002790606,0.000902957,0.001347601
-0.030061125,0.003916766,-0.022107796,0.002450404
-0.032081378,0.004976239,-0.016598369,0.002334601
0.049909014,0.004526576,0.030091927,0.002885067
0.13448744,0.005169518,0.032745316,0.001342682
-0.074600054,0.004066498,-0.001472217,0.001830373
-0.036741685,0.00356604,-0.01614277,0.001748072
0.006648192,0.004575513,-0.002451318,0.001610882
-0.003038498,0.005009674,-0.002056239,0.00173165
-0.017538724,0.002410532,0.002104098,0.001522734
0.055639454,0.003742337,0.022944087,0.002071544
-0.040888649,0.002189469,-0.016043676,0.001374129
-0.015998004,0.003375969,0.004548888,0.00127087
-0.039817522,0.003539602,-0.004518628,0.000699642
0.033918521,0.002461527,0.001168158,0.002088605
-0.030411778,0.003236427,-0.006132515,0.001012737
0.014303247,0.003099822,-0.027341993,0.002363576
-0.044253437,0.003598783,-0.001039689,0.002300607
-0.07488049,0.005459528,-0.000210677,0.001739881
0.113142919,0.003341564,0.017815676,0.002270802
0.01178137,0.004650189,-0.009576888,0.00227166
-0.029792083,0.004261026,-0.01466153,0.001225258
0.006854658,0.005188955,0.01279822,0.001832384
0.005127418,0.003356752,-0.003965559,0.001423561
-0.022790101,0.004339514,-0.005162625,0.002207352
0.0301161,0.004586715,0.004262111,0.002236238
-0.016033196,0.004873522,-0.006008782,0.002816633
-0.040569656,0.005720265,-0.015375468,0.001765882
-0.046882275,0.004932466,-0.00306537,0.000938517
0.051186494,0.004051176,0.008555505,0.001681144
-0.008112348,0.003966403,-0.00972683,0.001441303
-0.004326537,0.004762326,0.004256981,0.001798108
-0.026206878,0.004567225,0.012303027,0.001679682
0.006059315,0.003291911,-0.005849227,0.001589962
-0.006758716,0.005877734,-0.002556663,0.002015095
0.106132621,0.004629606,0.03314787,0.003425237
0.265811765,0.004412711,0.077295405,0.003467585
0.007220285,0.004348046,-0.003833487,0.001619804
0.008002076,0.003766683,0.003463588,0.002513731
0.056241797,0.003124218,-0.014071772,0.002304977
-0.021312688,0.007216137,-0.019777394,0.00235883
-0.048497927,0.003418855,-0.005039753,0.001617853
-0.050648531,0.003251642,0.001806625,0.001408207
-0.034414384,0.004003505,-0.015919531,0.002198557
0.039616705,0.002943898,0.020719422,0.000938637
-0.069484411,0.004596303,-0.009774149,0.001625339
-0.028177663,0.003632293,-0.012608849,0.001653852
-0.081684754,0.003856767,-0.008501525,0.001719348
-0.025262414,0.002396218,-0.007924486,0.001272062
0.046022345,0.003170233,-0.005473086,0.002538649
-0.079210626,0.006049416,-0.029557116,0.00200519
0.106452437,0.007523856,0.037264908,0.002069556
-0.022825527,0.006011691,0.021674545,0.002115082
-0.012803222,0.004387652,-0.011489425,0.002570717
-0.032113273,0.002676603,-0.003118439,0.001250718
-0.033056934,0.002732145,-0.00681246,0.001627046
-0.013576536,0.004474186,0.007363273,0.001314233
-0.018186596,0.002784081,-0.033314587,0.002211267
0.090914102,0.003772154,0.054470508,0.001765938
-0.026240267,0.002609135,-0.023432668,0.001216032
0.01739018,0.00356356,-0.004721015,0.002098745
0.065176057,0.002739406,0.029756726,0.002977477
0.063219052,0.004647881,0.012452303,0.001503259
-0.020591022,0.003590461,-0.014049364,0.002328229
-0.070093877,0.00469564,-0.024192356,0.001414377
-0.046576931,0.001658457,-0.007629404,0.00158259
-0.036328477,0.004241455,-0.007447853,0.001252246
-0.007700459,0.003415332,-0.003552057,0.001643252
-0.000375028,0.005348583,0.023289364,0.003136957
-0.047212887,0.003140375,-0.000508928,0.001706853
-0.000904814,0.004356494,-0.011729607,0.00231313
-0.036915985,0.005662187,-0.01861266,0.001899496
0.018418647,0.005631713,-0.000776423,0.002430726
-0.006052284,0.003026859,-0.016774145,0.00141315
0.069564602,0.003905433,0.044259989,0.001766573
-0.009668493,0.003963333,-0.010489938,0.00142059
0.028649366,0.003917394,0.018600878,0.001757819
0.008381488,0.004487413,0.006673194,0.002156602
0.033803366,0.003118459,-0.012238146,0.001696494
0.018383438,0.003891439,-0.003149593,0.00247094
-0.030125353,0.005272514,-0.010858427,0.001879434
-0.089057699,0.003818698,-0.016196287,0.001825425
-0.015880208,0.005077855,0.005706605,0.001426685
-0.016961411,0.003490452,-0.003720268,0.002324315
0.014518233,0.003124831,-0.001471703,0.001997371
-0.012280119,0.004681569,0.010098059,0.001782766
-0.034594978,0.003286755,-0.009144164,0.001366712
-0.018148548,0.004273263,-0.014547243,0.001624856
-0.097275877,0.003680373,-0.024183698,0.001297664
-0.021975874,0.00389598,-0.014199701,0.001476445
-0.04899964,0.004880687,-0.004047875,0.001245569
0.063478187,0.003497273,0.001406293,0.00216595
-0.006921374,0.005309999,-0.016520637,0.001830479
-0.07172382,0.006318179,-0.017345356,0.002467491
-0.029978576,0.006906008,-0.000549736,0.001356769
-0.033972657,0.004414736,-0.007190306,0.001683422
0.01849675,0.003492306,-0.010605807,0.001947937
0.122756518,0.003214381,0.019609941,0.002463481
-0.024403995,0.004977732,-0.002021201,0.002359142
0.269698744,0.003050787,0.103210999,0.002851706
0.13389837,0.00562013,0.023205499,0.001906421
0.017787825,0.004855668,0.047013365,0.002597187
0.110488502,0.003882873,0.053811033,0.001851908
-0.005045254,0.003732799,-0.003242285,0.001718958
-0.048619217,0.004610355,-0.008370437,0.00128376
0.018021858,0.004633234,0.0106735,0.002437902
-0.032317181,0.005313896,-0.02825892,0.001847634
-0.002161402,0.003984739,0.020222076,0.00260713
0.036996283,0.004743911,0.0166182,0.001897031
-0.024062788,0.004847929,-0.04078963,0.001895939
-0.094254969,0.00324893,-0.012887043,0.002382846
0.021710485,0.006213725,0.01652985,0.002249211
-0.014542827,0.004024826,-0.017656402,0.001594579
-0.072020683,0.005182767,-0.021886622,0.001504821
0.001974945,0.004493501,-0.013108911,0.002174875
0.052708894,0.004829153,-0.0013922,0.001967726
0.001531153,0.004333965,-0.017098043,0.002326425
-0.04794505,0.002839725,-0.01983233,0.000890923
-0.020129343,0.003977751,0.000195282,0.001063575
-0.047203214,0.00545424,-0.000639152,0.001997888
-0.087210122,0.00528732,-0.017693653,0.001839029
0.045536332,0.004242925,0.014153852,0.0019162
-0.046465071,0.003966774,-0.024037118,0.001647588
-0.006573821,0.003759477,-0.041751267,0.001464025
0.065792322,0.003240168,0.016255977,0.001653575
0.06015483,0.003979754,0.065467345,0.001280806
0.011005034,0.00463183,0.010756979,0.001663324
-0.076121654,0.003987856,0.004008946,0.001661232
-0.050283454,0.004644161,-0.022037475,0.001826364
-0.001960659,0.003155988,-0.023225322,0.001822967
0.043241106,0.002713891,0.002981189,0.002222576
0.00215805,0.003864309,-0.006154236,0.002000241
-0.001338582,0.004438172,0.010451238,0.001174719
0.015502439,0.006922546,0.005271297,0.001095422
0.056882355,0.004067474,0.005925343,0.001937887
0.007688665,0.003596144,-0.003569231,0.001855743
-0.029488979,0.002982558,0.001098555,0.001762134
0.044363129,0.005075297,0.017877629,0.001254857
0.055835616,0.003562013,0.044870784,0.002501826
-0.138360452,0.004096896,-0.054536552,0.002143434
0.020336125,0.003832186,0.003087077,0.001689278
0.007786638,0.005103541,-0.03103871,0.001643612
0.011385987,0.005367216,0.01536834,0.002256227
-0.000642571,0.007153004,-0.000361135,0.002525007
-0.079933402,0.006037993,-0.01902616,0.001870014
-0.065997649,0.0050792,-0.033348532,0.001457297
0.002782413,0.004700658,0.005584637,0.001548026
0.025283643,0.004289855,0.013899267,0.001116538
0.020154931,0.003448157,-0.009783488,0.001810359
-0.115993165,0.00590676,-0.009747691,0.001591375
-0.035803372,0.003874406,-0.023709331,0.00138941
0.024656711,0.005600636,-0.010340566,0.001231871
0.012997798,0.004189442,-0.005576602,0.001350963
-0.044613065,0.004013071,0.008375238,0.001053046
0.027326504,0.004339882,-0.020330857,0.001847904
0.037432997,0.003606574,0.007843385,0.002305432
-0.036567044,0.003624064,-0.003940463,0.001834875
-0.041848079,0.004056988,-0.004673853,0.001439451
-0.078667177,0.004638801,-0.052070678,0.00206712
0.001258994,0.003999547,0.027365429,0.00225263
0.127874896,0.004930492,0.032904979,0.002037469
0.026598091,0.00367078,0.010564634,0.001340303
0.034843668,0.004248334,0.019980488,0.001871235
0.162172655,0.006206042,0.06975348,0.001288024
0.018072063,0.00477253,-0.011242163,0.001227926
0.078890065,0.002776045,0.015702976,0.001397193
0.127379499,0.003882235,0.04534166,0.001418307
-0.070095755,0.004439801,-0.043027267,0.00123176
-0.100224843,0.005119766,-0.023965978,0.001080729
0.063355498,0.002903805,0.033402354,0.002627722
-0.061077713,0.002883138,0.017303889,0.001540269
-0.032700893,0.003801366,-0.004035623,0.003703
0.037154736,0.004376258,0.016966781,0.00195587
0,0,0,0
0.055847368,0.003624972,0.056912653,0.001666064
0.018436039,0.006947186,-0.037657109,0.002515668
-0.027580358,0.00539098,-0.019691877,0.001426334
-0.066073278,0.005647991,-0.052622504,0.001603688
0.079685558,0.002826703,0.097514291,0.002119557
-0.005935014,0.004202504,-0.042991143,0.002115128
-0.007674457,0.003986193,0.01221217,0.00084929
-0.003408617,0.001856064,0.001790578,0.001547016
-0.101885648,0.001688308,-0.07982905,0.001228682
-0.039351799,0.003291402,0.035284164,0.002885596
-0.084097192,0.003624757,-0.023054959,0.002422924
0.1837191,0.004044928,0.132075704,0.001858256
-0.008682712,0.003933926,-0.059486529,0.001800774
-0.027630944,0.004466292,0.001546001,0.002025592
0.042159679,0.00395869,-0.005228671,0.002002132
0,0,0,0
0.001224206,0.00277669,-0.055128999,0.002236027
-0.039004016,0.004655937,0.032601559,0.001945653
0.000414322,0.003214561,0.009692817,0.001155304
-0.040341633,0.003778502,-0.006006865,0.001314306
-0.051946106,0.004402583,-0.096543112,0.0027184
-0.017789261,0.004359514,0.024634802,0.001869959
0.09300273,0.004483696,0.005981154,0.001709499
0.046773581,0.002949941,0.046626531,0.000839593
-0.028313289,0.002134642,-0.003798272,0.001471104
-0.024905334,0.002827636,-0.016788622,0.001947937
0.011495893,0.003738952,-0.006184014,0.001976901
-0.014264502,0.004629473,-0.014474308,0.001081475
0.004435498,0.002236019,0.041391586,0.000854348
0.000363712,0.005557333,-0.031768111,0.002147796
0.013390715,0.003874218,0.00728923,0.002312757
0,0,0,0
-0.146479039,0.003051645,-0.019228915,0.001705796
-0.017442801,0.004704173,-0.026892716,0.001062436
0.000586419,0.003121981,0.002890082,0.001487048
-0.077179545,0.003961,-0.047522211,0.001289252
0.018492748,0.003096948,0.121256814,0.003204817
0.004305632,0.003947139,-0.029081595,0.001382157
-0.033433622,0.005907649,-0.008088088,0.001370769
0.01410105,0.003715962,-0.005256316,0.001767138
0.015840642,0.00304404,-0.017528281,0.001159387
-0.013392857,0.002796867,0.005057627,0.002014744
-0.002678961,0.005132831,0.004771162,0.001368964
-0.145580484,0.00521589,-0.077396938,0.002055376
0.02418356,0.005690213,-0.025506203,0.001996088
0.010694983,0.003206326,0.030236137,0.003233365
0.039332763,0.003933113,0.017548336,0.001940396
0,0,0,0
0.068759891,0.002605127,-0.009609265,0.001584044
-0.025250521,0.005726867,0.007498333,0.002170649
-0.033817462,0.004589171,-0.016830355,0.000812941
0.016699116,0.00427551,0.00952417,0.001079719
0.259785535,0.003877946,0.091405175,0.002854929
-0.000343947,0.006316536,-0.007992679,0.002640604
0,0,0,0
0,0,0,0
0.069966715,0.002600882,-0.001136927,0.000674049
0,0,0,0
0,0,0,0
0,0,0,0
0.136356078,0.00257014,0.058863769,0.000948074
0,0,0,0
0,0,0,0
0,0,0,0
0.013021204,0.002599436,-0.055813943,0.001054046
0,0,0,0
0,0,0,0
0,0,0,0
-0.147745745,0.002282972,-0.019474097,0.001262055
0,0,0,0
0,0,0,0
0,0,0,0
-0.175505102,0.002437848,-0.048433789,0.000863064
0,0,0,0
0,0,0,0
0,0,0,0
0.087229612,0.002416355,0.073606812,0.000481381
0,0,0,0
0,0,0,0
0,0,0,0
-0.041141367,0.002146184,-0.026297256,0.000644216
0,0,0,0
0,0,0,0
0,0,0,0
-0.049273142,0.003184986,-0.004021596,0.001110984
0,0,0,0
0,0,0,0
0,0,0,0
0.132037893,0.002680349,0.036575677,0.000502098
0,0,0,0
0,0,0,0
0,0,0,0
0,0,0,0
0,0,0,0
0,0,0,0
0,0,0,0
-0.020647574,0.002124082,-0.027054527,0.001018088
0,0,0,0
0,0,0,0
0,0,0,0
-0.0632613,0.00524669,-0.024449933,0.001255175
0,0,0,0
0,0,0,0
0,0,0,0
-0.060397079,0.002586432,-0.023939334,0.001137633
0,0,0,0
0,0,0,0
0,0,0,0
-0.16689534,0.002919381,-0.096627411,0.000644637
0,0,0,0
0,0,0,0
0,0,0,0
0.306017736,0.00187197,0.213633168,0.00163075
0,0,0,0
0,0,0,0
0,0,0,0
-0.01976259,0.005748312,-0.055430614,0.001985746
0,0,0,0
0,0,0,0
0,0,0,0
0,0,0,0
0,0,0,0
0,0,0,0
0,0,0,0
0,0,0,0
0,0,0,0
0,0,0,0
-0.033897572,0.001171702,-0.036934373,0.000421726
0,0,0,0
0,0,0,0
0,0,0,0
0,0,0,0
0,0,0,0
0,0,0,0
0,0,0,0
0,0,0,0
0,0,0,0
0,0,0,0
0,0,0,0
0,0,0,0
0,0,0,0
0,0,0,0
0,0,0,0
0.05669035,0.001162745,0.035843171,0.000483018
0,0,0,0
0,0,0,0
0,0,0,0
0,0,0,0
0,0,0,0
0,0,0,0
0,0,0,0
0,0,0,0
0,0,0,0
0,0,0,0
0,0,0,0
0,0,0,0
0,0,0,0
0,0,0,0
0,0,0,0
0.257249999,0.000886211,0.104467443,0.00055639
0,0,0,0
0,0,0,0
0,0,0,0
0,0,0,0
0,0,0,0
0,0,0,0
0,0,0,0
0,0,0,0
0,0,0,0
0,0,0,0
0,0,0,0
0,0,0,0
0,0,0,0
0,0,0,0
0,0,0,0
-0.280042777,0.002048361,-0.10337624,0.001014758
0,0,0,0
0,0,0,0
0,0,0,0
0,0,0,0
0,0,0,0
0,0,0,0
0,0,0,0
0,0,0,0
0,0,0,0
0,0,0,0
0,0,0,0
0,0,0,0
0,0,0,0
0,0,0,0
0,0,0,0
0,0,0,0
0,0,0,0
0,0,0,0
0,0,0,0
0,0,0,0
0,0,0,0
0,0,0,0
0,0,0,0
0,0,0,0
0,0,0,0
0,0,0,0
0,0,0,0
0,0,0,0
0,0,0,0
0,0,0,0
0,0,0,0
0,0,0,0
0,0,0,0
0,0,0,0
0,0,0,0
0,0,0,0
0,0,0,0
0,0,0,0
0,0,0,0
0,0,0,0
0,0,0,0
0,0,0,0
-0.297175915,0.003488918,-0.064374702,0.001700631
0.242068914,0.001032083,0.074769197,0.000695161
0.108210991,0.001923501,0.060684872,0.00086536
-0.05310399,0.001259158,-0.071079366,0.000435404
0,0,0,0
0,0,0,0
0,0,0,0
0,0,0,0
0,0,0,0
0,0,0,0
0,0,0,0
0,0,0,0
0,0,0,0
0,0,0,0
0,0,0,0
0,0,0,0
0,0,0,0
0,0,0,0
0,0,0,0
0,0,0,0
0,0,0,0
0,0,0,0
0,0,0,0
0,0,0,0
0,0,0,0
0,0,0,0
0,0,0,0
0,0,0,0
0,0,0,0
0,0,0,0
0,0,0,0
0,0,0,0
0,0,0,0
0,0,0,0
0,0,0,0
0,0,0,0
0,0,0,0
0,0,0,0
0,0,0,0
0,0,0,0
0,0,0,0
0,0,0,0
0,0,0,0
0,0,0,0
-0.013746649,0.005837034,-0.023677055,0.00298234
-0.089409089,0.003837179,-0.005255374,0.001817516
-0.124245392,0.006182688,-0.052105928,0.002222067
-0.069774784,0.003621066,0.016663655,0.001968511
0.32002649,0.002460882,0.218484008,0.001407052
-0.082777787,0.001548276,-0.082442542,0.001259084
-0.007623441,0.002063947,0.001595818,0.000885811
0.012443652,0.001645482,-0.062868088,0.000980969
-0.24868029,0.004414735,-0.129772579,0.001733137
0.269356039,0.004063882,0.146614091,0.001782334
0.026411635,0.002511428,0.020058172,0.000796543
0.061123607,0.002693311,0.023785187,0.000970653
-0.044592368,0.002833485,-0.046592372,0.001287377
0.053735078,0.002810234,-0.00242023,0.0009215
-0.098524683,0.002614434,-0.015544036,0.00084282
0.036277982,0.003360542,-0.006522728,0.000791923
0,0,0,0
0,0,0,0
0,0,0,0
0,0,0,0
0,0,0,0
0,0,0,0
0,0,0,0
0,0,0,0
0,0,0,0
0,0,0,0
0,0,0,0
0,0,0,0
0,0,0,0
0,0,0,0
0,0,0,0
0,0,0,0
0,0,0,0
0,0,0,0
0,0,0,0
0,0,0,0
0,0,0,0
0,0,0,0
0,0,0,0
0,0,0,0
0,0,0,0
0,0,0,0
0,0,0,0
0,0,0,0
0,0,0,0
0,0,0,0
0,0,0,0
0,0,0,0
-0.006376068,0.006260394,-0.007518712,0.003165832
0.03626298,0.003146401,-0.008466042,0.0016231
-0.031535479,0.004744885,0.019275954,0.00335193
-0.012098081,0.002901057,-0.026968255,0.001891389
-0.008286087,0.00592306,0.018339572,0.001607932
-0.071447598,0.004975923,-0.028815548,0.002765124
-0.027101929,0.002995711,0.038298558,0.002011119
0.017426525,0.003868505,-0.033077957,0.001899207
-0.058658946,0.004536521,0.010391997,0.002676918
0.00668212,0.004520544,-0.042101369,0.003341331
-0.017912283,0.004205676,-0.014087513,0.002892287
-0.054356283,0.006525491,-0.006309044,0.001548404
-0.013392857,0.002796867,0.024076416,0.001794441
-0.029091049,0.002995726,-0.011624845,0.001825585
-0.036406224,0.00414127,0.030701999,0.004181319
0.009115346,0.002205046,-0.026489915,0.001847518
0.238142337,0.002772434,0.099184827,0.002794493
0.055556128,0.002652369,0.103188469,0.003309279
-0.0767697,0.00319916,-0.081910835,0.00308006
0.103097725,0.002900021,0.098021547,0.002592776
0.085780158,0.003947234,-0.005878644,0.001719815
-0.112087915,0.0047603,-0.025371699,0.001213497
-0.050516895,0.003644467,-0.06913795,0.002126267
-0.005953136,0.002689111,0.017945751,0.001307946
0.039226984,0.002836257,-0.026451274,0.001792178
0.036352943,0.003135894,0.050105057,0.001530277
-0.051619166,0.004883914,-0.043158515,0.002282305
-0.031584201,0.002966785,0.02110055,0.002748069
0.034238853,0.004899969,-0.025335864,0.001750791
-0.028657638,0.003871107,-0.011699603,0.001562568
-0.119460982,0.002288526,-0.077644341,0.001966524
0.126323419,0.002969693,0.051811721,0.001962226
-0.037097616,0.005022704,-0.006419722,0.001591566
-0.101576343,0.006634125,-0.040995271,0.001673775
-0.006235297,0.006057519,-0.023930935,0.001408603
-0.103771034,0.004862503,-0.058426651,0.001467528
0.033864461,0.003489129,-0.005007617,0.002113988
0.037063372,0.004839061,0.040316899,0.003211363
0.08748254,0.004907146,0.018159497,0.001503155
0.110945666,0.004127332,0.093145312,0.001746691
-0.107388811,0.002353627,-0.050230262,0.001145614
-0.021948205,0.004338406,-0.007621607,0.001454935
0.097533738,0.003510732,0.07649343,0.002225758
0.058214913,0.004194051,0.00141661,0.001799555
-0.003898475,0.003774984,-0.003256862,0.00115319
0.010140158,0.003986175,0.031805544,0.002235281
0.018055197,0.00356472,-0.015376082,0.002136168
0.036826726,0.003978581,0.010612587,0.002044243
-0.010593804,0.00378193,-0.015466967,0.001898132
0.014192053,0.004708539,0.00248316,0.001780686
-0.0212788,0.002768339,0.005413142,0.001272994
-0.026911816,0.00451147,-0.039021706,0.00174345
0.02567428,0.003296793,0.008380219,0.001573505
-0.011479141,0.004500916,-0.030428773,0.000906192
0.014587234,0.006801469,0.011424387,0.002151912
0.024952704,0.004651352,0.008203937,0.002830986
-0.039213678,0.006711964,-0.001695867,0.001628091
-0.010325733,0.004326488,-0.020846139,0.001085382
0.055751901,0.006022204,0.045869958,0.001757484
-0.104737173,0.003435415,-0.038871988,0.001249937
-0.026727122,0.003092611,-0.028035019,0.001510477
0.082246362,0.004123669,0.021024681,0.001726069
-0.015155167,0.003615597,0.018609704,0.002626335
-0.00408609,0.005070741,-0.018122094,0.001634862
0.18530735,0.005471045,0.062803708,0.002513771
-0.023567181,0.005104341,-0.009919502,0.002470249
0.007879019,0.004619084,0.005340323,0.00215155
0.014455661,0.003676518,0.011554896,0.002103555
0.033952331,0.004580084,0.013675352,0.001611271
-0.016333019,0.004821021,-0.020054552,0.002314892
-0.044359456,0.003490718,0.029873384,0.002237862
0.031174961,0.004923211,0.032716132,0.002404804
-0.016836377,0.004262312,0.005084264,0.001027281
-0.057267219,0.004019329,-0.039352516,0.001534586
-0.060744622,0.005166851,-0.042940922,0.001956594
-0.000971058,0.003897246,-0.003943501,0.001400075
-0.005532709,0.006302263,-0.012304141,0.001843139
0.006534171,0.003972386,-0.010782771,0.001622992
-0.099360855,0.002889201,-0.013896101,0.00258082
0.058676186,0.003420298,0.010587948,0.001480911
0.078077642,0.003938012,0.02872817,0.00139113
0.013338503,0.003424786,0.004248323,0.001304276
0.052014554,0.004474701,-0.022120992,0.001482991
-0.006397886,0.00234076,0.004978029,0.001307618
-0.124748768,0.004835892,-0.023699322,0.001019578
0.035257716,0.0061799,0.000879384,0.001766474
-0.004043938,0.005392326,-0.00142109,0.001555568
-0.064416292,0.004864808,-0.020058092,0.001670973
0.063585062,0.004649796,-0.010597041,0.002901244
0.007278797,0.002230003,0.044259927,0.002048935
-0.034900174,0.004720654,-0.016969419,0.002949496
-0.011512735,0.005341532,-0.017948975,0.001463448
-0.024769051,0.004625587,0.001219585,0.001137213
0.082255802,0.002809801,0.034356285,0.001717402
-0.005629614,0.00431555,0.000849605,0.001875556
0.095514622,0.003623895,0.049791568,0.001658002
-0.04064605,0.004838925,-0.000862811,0.001178847
-0.036908834,0.004536323,-0.01709838,0.002099509
-0.030108286,0.002712932,-0.029473079,0.001413795
-0.05837128,0.002110061,-0.020551135,0.001702763
-0.00256671,0.004232033,-0.01454668,0.001549508
-0.03767804,0.003613511,-0.02059923,0.001706007
0.067534092,0.0044354,0.04739389,0.001091458
-0.016528217,0.004805276,-0.032712038,0.001262771
-0.008252914,0.003127493,0.009203888,0.001252576
0.032702806,0.00751646,0.01901845,0.001788112
0.076201783,0.004432183,0.020890749,0.002161323
-0.016897486,0.003559757,0.016004273,0.001584366
-0.018682356,0.004814824,-0.001592002,0.001177892
-0.025582682,0.004366856,-0.011779039,0.002070097
-0.074467213,0.002649003,-0.009882639,0.002425881
-0.013730493,0.005208123,0.000589809,0.001757983
0.051306891,0.004625878,-0.000234191,0.001789378
-0.039125677,0.005036296,-0.006458508,0.001928261
0.011333124,0.004566114,-0.003880894,0.001932599
-0.03329394,0.00301655,-0.021977735,0.001530491
-0.045098198,0.002181157,0.003075123,0.001951944
0.042817797,0.003744009,0.021449102,0.001706231
0.034261558,0.003589101,0.010455233,0.001409413
0.002656677,0.005678222,-0.005473681,0.001799005
-0.009683008,0.002944127,-0.017718357,0.00255694
-0.052977785,0.00354519,-0.017714132,0.001482941
-0.057596031,0.004557585,-0.005826989,0.001490858
-0.032710352,0.004825026,-0.002449241,0.001414308
-0.012184311,0.004409378,-0.022073802,0.001366468
0.015542378,0.00380465,0.009072595,0.001903308
0.029097312,0.00496574,-0.008887992,0.001446223
0.135724022,0.006144488,0.039701497,0.001312339
0.227142336,0.006050664,0.057508346,0.002321146
-0.024612436,0.003185894,0.00437923,0.001544271
0.024655924,0.003178054,0.006738183,0.002076972
0.046860009,0.00546093,0.021809117,0.001647177
-0.006061353,0.003183814,-0.004996499,0.001594503
-0.040102331,0.002598849,-0.028694709,0.001857028
-0.016028607,0.003437845,0.002222645,0.001258469
-0.024070897,0.002994242,0.002240495,0.001324844
0.032113001,0.002612999,-0.004710886,0.001902843
-0.022083607,0.003796361,-0.026274476,0.002392499
0.009251789,0.0042118,-0.012567116,0.002042084
0.021837228,0.003823967,-0.006582163,0.002118229
-0.014738524,0.003694617,-0.003661803,0.001176659
-0.051265102,0.00274344,-0.006707185,0.001312843
-0.033314756,0.003472289,-0.021472286,0.001516938
0.015710936,0.003604237,0.005845328,0.002501239
0.006749691,0.003686611,-0.00424567,0.00114452
-0.066976822,0.005273305,-0.007189747,0.002326039
-0.072626883,0.002925307,0.001088718,0.001739965
-0.005607332,0.002989516,-0.011148829,0.002141876
-0.043428897,0.004273636,-0.01450511,0.000893479
0.006744641,0.005220926,-0.005575705,0.00206039
0.05857952,0.002375103,0.018042621,0.001544678
0.00216919,0.00418883,-0.016287102,0.001992534
-0.059392193,0.002999675,-0.007418775,0.002123001
0.097170206,0.003388799,0.062130072,0.00155168
0.051534782,0.002642789,0.037696076,0.00084249
-0.035920539,0.004824431,-0.006105955,0.002022188
-0.039089589,0.003315339,-0.021400079,0.001774123
-0.006223457,0.003401394,-0.010229558,0.001448438
0.026649174,0.004581009,0.012831178,0.00155965
-0.028449,0.006035891,-0.006729221,0.002197821
0.086491356,0.004654319,0.015267032,0.001387111
-0.043522888,0.003386705,-0.00201649,0.001795169
-0.057792225,0.002826303,-0.023639875,0.001572302
0.043636521,0.00333758,-0.003637913,0.001702474
-0.046148112,0.004411584,-0.005651957,0.001493955
-0.02892671,0.002623576,-0.000273729,0.00160324
0.083183443,0.003555006,0.014763548,0.001898122
-0.078372022,0.002474941,-0.002626133,0.002362562
-0.014211575,0.002886146,-0.005370342,0.001407221
0.004180892,0.002521169,-0.028395144,0.001385509
-0.01130319,0.003451118,-0.001416684,0.002159207
-0.055705171,0.004401158,-0.009664409,0.00193471
-0.006099804,0.006763321,0.002205621,0.001383408
-0.021142677,0.004408752,0.000773944,0.001004373
-0.052121231,0.004003737,0.002630724,0.001859911
0.017272081,0.007327977,-0.013947733,0.002609328
0.007224557,0.003569858,-0.002071553,0.0014111
0.002368088,0.003533607,-0.002261254,0.00178517
-0.069223231,0.005761409,-0.022100339,0.001980024
-0.001537842,0.002679989,-0.008317213,0.001498872
-0.002482817,0.004907913,0.010450557,0.001532101
0.070301249,0.003563692,0.023170255,0.001860934
0.031955959,0.001780593,-0.004561422,0.00266344
-0.021024721,0.002879037,-0.008192321,0.002040281
-0.067368483,0.003870747,-0.011010889,0.001763147
0.015700634,0.004181457,0.004427985,0.002183683
-0.066898098,0.00386033,-0.016181165,0.001638934
-0.031794423,0.004459019,-0.009053057,0.001655659
0.02347714,0.006947178,0.018769427,0.002010385
0.038632295,0.00540524,0.02212588,0.002352097
-0.018469479,0.004185907,-0.009857583,0.002364661
0.232544382,0.007030472,0.069633097,0.002508217
0.084478225,0.005357157,0.039178452,0.002272419
0.065263842,0.00485399,0.012434375,0.003397849
0.026335324,0.006270661,0.021526363,0.001679141
0.15153055,0.004053857,-0.006681037,0.001266889
0.00029883,0.003140859,0.012508151,0.002117939
-0.048253203,0.003846067,-0.018953129,0.001753073
-0.039560813,0.00324984,0.011109009,0.002172299
-0.045228872,0.005303611,-0.011752292,0.002082396
-0.017423358,0.003816504,0.009199571,0.001601172
-0.064623358,0.004246823,0.005687425,0.001844078
-0.083050592,0.003656489,-0.02570985,0.001790877
-0.009889107,0.003868651,-0.02709046,0.001708302
-0.028265996,0.004825907,-0.003250839,0.001673711
0.053691338,0.005589277,0.024989959,0.002118162
-0.025928097,0.003471558,0.004709589,0.001353479
0.083854111,0.003475542,-0.027743548,0.00227034
-0.01391375,0.00396725,-0.01108618,0.002540113
0.008563581,0.006599411,0.002255395,0.00248322
-0.00923718,0.002561655,-0.025410904,0.001654536
-0.083533831,0.007380602,0.019538679,0.001439933
-0.04154745,0.003524174,-0.026324294,0.00172165
0.015916818,0.002938601,-0.003481208,0.001645155
0.067901799,0.00346964,0.016091908,0.001973057
-0.034254319,0.006003752,0.002339706,0.001274714
0.009584815,0.003617905,-0.006916014,0.001992699
0.079895727,0.003516737,0.017240755,0.001698117
0.09168585,0.004191135,0.01193738,0.001902334
-0.023476078,0.00516743,0.008205271,0.002256825
-0.004398845,0.005007385,-0.018657013,0.001608309
-0.026838969,0.00469472,-0.011257114,0.002096637
-0.008169734,0.003462532,0.006502124,0.002372973
-0.081890902,0.003481756,-0.001453057,0.002775865
0.025666973,0.006311491,0.009239336,0.002032911
-0.061918566,0.004499721,-0.027466561,0.001408843
-0.0328309,0.003420329,-0.025941554,0.001831464
-0.039776758,0.003475901,0.015657886,0.002076188
0.046554039,0.005412511,0.000721392,0.001258888
0.022161214,0.0054966,0.002695238,0.001371483
0.05163487,0.004430044,0.005865684,0.001094223
-0.025381999,0.00285052,0.002606124,0.001498822
0.022725909,0.003758657,-0.00740232,0.001770039
-0.022053757,0.004457657,0.002130193,0.001149674
0.003412254,0.004693856,-0.000280785,0.00146222
-0.021499124,0.004675911,0.013084023,0.001641403
0.034229481,0.004216424,0.002422984,0.001904421
-0.048900385,0.003219898,-0.02450771,0.001676843
-0.000882244,0.003268521,-0.023168793,0.001568668
-0.086029756,0.004583584,0.013847934,0.001753606
-0.022844414,0.004498297,0.001576762,0.000906768
-0.018418293,0.002968379,-0.008277467,0.001385838
-0.045534561,0.005315204,0.01189582,0.001864285
0.050346491,0.006782075,-0.009281948,0.002323144
-0.028564671,0.005681863,-0.003902783,0.002612322
0.001788855,0.003277995,0.016640356,0.002775646
-0.0110984,0.004886223,0.008992833,0.001875674
-0.002124725,0.005131022,-0.015767325,0.001816068
-0.043337702,0.003823895,-0.005400557,0.001600756
-0.041676044,0.00436968,-0.005563097,0.001088355
0.028106302,0.003281398,0.015485238,0.00136484
-0.020348848,0.003218832,-0.02038955,0.001399755
-0.024841909,0.004073666,-0.006821723,0.001752671
0.073472712,0.00502546,0.022497965,0.001903689
-0.056939458,0.003000203,-0.001873623,0.002179182
0.245387055,0.005426226,0.040998853,0.002651591
0.051442246,0.006170735,0.021559912,0.002330881
0.017439369,0.004349539,0.011525641,0.001513236
-0.004151381,0.004734847,0.008444995,0.003257606
0.008656801,0.004450593,-0.002622178,0.000986806
-0.00731018,0.003352056,-0.01305894,0.00147144
-0.067776569,0.003688532,-0.009611271,0.00147406
0.002278383,0.004653508,0.008558884,0.001457433
0.06629893,0.004867874,-0.00694293,0.002171276
-0.027366419,0.003153966,-0.00803051,0.002128529
-0.035643967,0.004575238,-0.004705763,0.002440791
-0.020258045,0.005818391,-0.022839422,0.001152885
0.022001114,0.00325049,0.017645421,0.001733838
-0.029709608,0.003699438,-0.001045164,0.001558966
0.022030228,0.004754074,0.000960456,0.002262123
0.057644035,0.003369922,-0.000375741,0.001671944
0.028601798,0.006173027,0.019694031,0.001627752
0.008873228,0.003753059,0.010817691,0.002238478
-0.012567687,0.00233049,-0.011576879,0.001490699
-0.039477653,0.002253409,-0.00885445,0.001765266
0.01991286,0.003645068,-0.007383896,0.001683588
-0.023123317,0.004376964,-0.000448783,0.002002533
0.011146623,0.004944351,-0.010131223,0.001458848
0.013185022,0.003753044,-8.14E-05,0.001359311
-0.009594644,0.003994341,0.007562712,0.001322327
-0.01493116,0.003024261,-0.005249308,0.002275059
0.033515096,0.004210892,0.025499275,0.001957249
0.060041055,0.004205073,0.017433097,0.001852776
-0.009747534,0.004157091,0.004376371,0.001854646
0.000928121,0.004832208,-0.004985913,0.001357288
-0.064503186,0.005070126,-0.017124489,0.002533647
-0.006776395,0.0027432,0.006082732,0.002124907
-0.036638454,0.003422604,-0.006546117,0.002159823
0.006466082,0.005013495,0.010205748,0.002168774
-0.028287961,0.003986357,-0.014948581,0.002223147
0.038970092,0.003414927,-0.000555652,0.001578323
-0.04559855,0.003604963,-0.005220835,0.002085506
0.007945528,0.005900017,0.001302768,0.002082789
-0.000258314,0.002553188,-0.002910006,0.001439019
0.012130332,0.005649913,0.035296478,0.001935327
-0.068274977,0.003878737,-0.014193964,0.001767615
0.03831535,0.003081985,0.022726218,0.001982257
0.021113382,0.004696241,-0.01018218,0.002050714
0.003334041,0.002597548,0.009979972,0.001656813
-0.022608959,0.004906251,-0.021092028,0.001314867
-0.029704696,0.002479735,-0.010474603,0.001589644
-0.015578549,0.002556752,-0.009898573,0.001914514
-0.011777317,0.001892115,-0.0118835,0.002413108
-0.018152596,0.004514885,0.006065959,0.001177896
-0.021091897,0.004962707,-0.013376486,0.002023043
0.008075471,0.002567833,0.008364853,0.002466692
-0.032297646,0.002912739,-0.011798979,0.001620704
0.022036803,0.003372623,-0.009495979,0.001000564
0.039207619,0.007684524,-0.001029753,0.001912654
0.012890847,0.003857067,0.007432091,0.001566824
0.001555158,0.004751084,0.003339043,0.002415874
-0.002228928,0.005465159,0.001981719,0.001699283
0.000982872,0.004350352,-0.007295719,0.001475936
-0.012715654,0.003344556,0.006867872,0.002088606
-0.075758963,0.004284029,-0.013375565,0.003226769
-0.004427787,0.0052109,-2.73E-05,0.001588526
0.017331313,0.00552248,0.005623702,0.00139442
0.089474557,0.003693569,0.02687715,0.002003033
-0.018855608,0.007146399,-0.019254786,0.002720605
0.073370245,0.003006313,0.012404116,0.001665277
-0.000343655,0.004386695,-0.000148707,0.001945313
0.013516547,0.004167403,0.002973114,0.002190302
0.042462482,0.003723966,0.014300801,0.001895828
-0.009945716,0.00490281,0.012081657,0.001596441
0.0282695,0.005892708,0.003127594,0.002410193
-0.004777911,0.004137641,-0.008831518,0.001329225
0.003390123,0.002712871,0.013217735,0.002167716
-0.04222252,0.005414776,-0.014148779,0.001993995
-0.005414913,0.005677905,0.007736669,0.002550857
0.003063232,0.004123617,0.004642519,0.001052141
-0.029412009,0.005049274,-0.007162533,0.002524921
-0.005192898,0.004985489,-0.017980741,0.003060985
0.022834073,0.004494251,-0.00182759,0.001181324
-0.012940379,0.003970947,-0.001609517,0.001528174
0.001505872,0.004232738,-0.010632912,0.001632861
-0.006391652,0.003881489,-0.010652868,0.001632506
-0.028921277,0.007264631,-0.010345498,0.001713399
0.011656201,0.004535205,0.014750595,0.002538794
-0.010562383,0.004684159,-0.013494708,0.001423626
0.044547109,0.002998681,-0.004145097,0.003070296
-0.051641511,0.003702277,-0.022744447,0.002353258
-0.018777193,0.003019945,-0.011683374,0.001990632
0.024213389,0.00466156,0.022971714,0.001479609
0.002207902,0.004272154,-0.003764302,0.001732369
-0.003689869,0.007206514,0.021648133,0.002733338
-0.004481523,0.00670131,0.010570705,0.002170778
0.024363178,0.00531513,0.009750965,0.001536757
0.012957109,0.004647818,0.005143153,0.001981589
-0.01572748,0.004096638,-0.006134555,0.001855694
0.025056367,0.003766613,-0.00879754,0.002036294
-0.014318202,0.003833451,-0.004676411,0.001347563
-0.008810304,0.00274903,0.008016044,0.001502407
0.035622238,0.004592118,0.014173614,0.001163891
-0.029920893,0.00358608,0.005605784,0.002107044
-0.008429862,0.003141372,-0.00766692,0.001441855
-0.000270841,0.001700574,-0.009961798,0.001835249
-0.012302716,0.004271845,-0.013706103,0.001360128
-0.006179025,0.003768042,-0.004912606,0.001805283
0.005925199,0.004100645,0.013703037,0.001127779
0.018825399,0.004753329,0.022394876,0.001410177
0.016864434,0.00574956,0.002521533,0.001463175
-0.032664208,0.00305704,-0.010243315,0.001637816
0.020611085,0.003633945,-0.001891208,0.001666666
-0.037453223,0.003841062,0.000811072,0.00237416
0.020179759,0.004217174,0.005172043,0.001577018
-0.040596068,0.004693851,-0.000518398,0.002375781
0.016099499,0.003744124,0.017002701,0.002288468
-0.010466357,0.002371691,-0.020753873,0.002171256
0.008857804,0.004555448,0.006493014,0.001034655
-0.031765546,0.003824609,-0.013282813,0.00147621
-0.030809613,0.004821244,-0.003909475,0.001721824
0.012562485,0.003694487,-0.000182704,0.001230225
0.032037669,0.004788316,0.002370353,0.003040796
0.034338387,0.003852027,-0.001623093,0.002033474
-0.016237663,0.005246784,-0.001571527,0.002217258
-0.018715342,0.004297685,0.001638811,0.001420402
-0.011492395,0.004328081,-0.013493335,0.001858091
0.029960646,0.00438289,0.007925348,0.001744207
-0.008775288,0.00358397,-0.025879393,0.002496213
0.010541752,0.005975602,0.006016085,0.00328165
-0.028240861,0.004368161,-0.000123317,0.001695034
0.04124407,0.004139007,0.013469423,0.002767908
-0.027177423,0.004472471,-0.005469011,0.002234703
0.061355207,0.003418508,0.023740893,0.001592772
0.003998974,0.00445286,0.001636871,0.001963341
0.003053354,0.003483302,0.00405764,0.002576033
-0.003187555,0.004080238,-0.007945282,0.002561725
0.011350338,0.005438215,0.012423195,0.002235679
-0.010708934,0.004416604,0.005206558,0.002245133
-0.060350761,0.005639487,-0.018066297,0.002213588
0.018236477,0.003312543,0.022484581,0.002030063
0.016309527,0.006157198,0.000421838,0.002540118
0.024625771,0.002755666,-0.000642402,0.002898877
-0.021287126,0.004291539,-0.002343615,0.001547427
-0.027421343,0.002923264,-0.018557381,0.002179291
0.016743323,0.004474838,0.010773097,0.001574513
0.005965049,0.001877713,0.003545678,0.000981676
0.000405327,0.004383286,-0.009154651,0.001459561
0.054596342,0.002584649,0.010397819,0.002521753
-0.014073681,0.002190603,-0.006996788,0.002274399
0.001233019,0.004048112,0.00590567,0.001497922
0.023635935,0.005121077,0.006926811,0.00183384
0.001682102,0.006075799,-0.01393677,0.001503435
-0.030188114,0.00534906,-0.029848314,0.001917919
0.001164991,0.003608201,-0.005855278,0.001300132
0.022443489,0.002602534,-0.000810333,0.001461734
-0.004516544,0.00379203,0.0044066,0.001845023
-0.014487679,0.003291263,-0.024791579,0.001891318
-0.059370845,0.004107997,-0.025024373,0.002394997
0.098607947,0.003663007,0.042116808,0.002318787
0.001736375,0.004639795,0.0103682,0.001117892
-0.023682428,0.00430024,0.020860323,0.001889129
-0.000809818,0.00456424,-0.001459147,0.001438307
-0.004725317,0.003939932,0.001910268,0.00143686
-0.050030234,0.001494065,-0.002816317,0.001656409
0.015660808,0.004559514,0.008485802,0.001926498
0.030559678,0.005236737,0.013924557,0.001697349
-0.031040046,0.004399385,-0.002741631,0.002161806
0.005649198,0.004788697,0.012247687,0.001682569
-0.008901573,0.004667454,-0.005017614,0.00195935
0.006039448,0.003291736,0.011869789,0.001202303
-0.025822875,0.003886094,-0.008643882,0.001438892
0.019728578,0.001383382,0.00887128,0.001809299
-0.004067004,0.005648815,0.00079807,0.002040689
0.003376191,0.00168009,-0.001171758,0.003040939
-0.033090454,0.003583814,-0.021981115,0.002992238
0.018333988,0.003261377,0.009160714,0.002583766
0.018167239,0.003544879,-0.01119001,0.002119243
0.014129196,0.003081956,-0.008218511,0.001229165
-0.009020366,0.005445277,0.00014568,0.001565445
0.000545433,0.004830993,0.008680704,0.00186165
-0.024801523,0.003809209,-0.006618305,0.001998756
0.017944411,0.004088489,0.01100876,0.001353592
-0.003114207,0.004768147,-0.00022834,0.001927536
-0.012697095,0.002382786,-0.018732789,0.002132946
-0.003087617,0.004311076,0.00503895,0.001382266
-0.020490908,0.00439706,-0.014202195,0.002139497
0.038775229,0.006516842,0.004975231,0.001567192
0.010010853,0.004762166,0.001053289,0.001469839
-0.015531183,0.005221533,0.010717642,0.001907565
-0.007380889,0.00536246,0.013753804,0.002202128
-0.00142385,0.003695322,0.011168612,0.001681937
-0.040880886,0.004152725,-0.018044426,0.001720563
0.02579537,0.00350244,-0.010653624,0.002320637
0.017405957,0.004199211,-0.008329578,0.001044482
-0.011116007,0.003790549,-0.003142029,0.001688202
-0.007075112,0.004794842,-0.003684728,0.003020837
0.036472055,0.004304774,0.015506531,0.002985096
0.041028084,0.003253969,0.003165862,0.001944927
-0.012763483,0.003562926,-0.006671105,0.001738722
0.00729533,0.003861493,0.012177416,0.001822795
0.018176151,0.003642623,0.023803686,0.00139676
0.028146821,0.005470839,0.005391154,0.002101893
-0.003802521,0.004436425,-0.012587786,0.003180428
-0.033455196,0.005850802,-0.003384407,0.002676153
0.001645932,0.00423656,0.018595519,0.001391983
0.024120993,0.003006466,0.00513308,0.001511383
0.015881308,0.002310694,-0.014702922,0.002085336
-0.015515399,0.002577668,-0.00861298,0.001476161
-0.033040252,0.004622582,-0.010184332,0.001449479
-0.024768713,0.003492848,0.000441089,0.001909604
-0.01464246,0.003857913,-0.002662105,0.001351612
-0.002763747,0.005071228,0.001424959,0.002820267
0.011347954,0.004843408,-0.016607726,0.002219011
0.003084352,0.004556738,-0.001230954,0.00179
-0.025307936,0.004385025,0.007648454,0.001340727
0.005770429,0.004793396,-0.001769685,0.001835128
-0.007542249,0.005379421,-0.007628942,0.001593405
0.006153092,0.004812167,0.014019129,0.001698188
-0.001208759,0.003233553,-0.02135632,0.002032787
-0.00333928,0.005374394,-0.010018781,0.001414685
-0.026559972,0.00482787,-0.005189309,0.00145166
-0.028384403,0.004765565,-0.003249806,0.001722142
0.02548765,0.005094836,0.016044567,0.0026621
0.027767056,0.004804059,0.019753692,0.001610893
0.01858906,0.002802254,0.004267297,0.002828835
0.000173498,0.003868663,-0.014281493,0.001730425
-0.015710508,0.004696825,0.005527008,0.00262558
0.02148732,0.00477208,0.000594304,0.002026767
-0.023726647,0.002400333,-0.004693847,0.001327555
0.009167364,0.003574582,-0.003433849,0.002157431
-0.004762439,0.005080315,0.003780664,0.00249652
-0.006859423,0.004293956,-0.003020405,0.001477467
-0.036295272,0.003206771,-0.010411138,0.002345499
0.011646051,0.003157706,-0.004928611,0.002787822
0.013129989,0.005299083,0.012896805,0.00169128
0.034108538,0.005476024,0.03700521,0.002559536
-0.016078061,0.004603231,-0.016012714,0.001896517
-0.003357082,0.004523371,-0.001280693,0.001372536
-0.03183595,0.004657779,-0.002686378,0.002376919
-0.00765774,0.004571267,-0.00939945,0.001294646
-0.005381094,0.003698991,-0.003706373,0.001313058
-0.005560596,0.00533401,0.002707232,0.001510772
-0.012927226,0.005363074,-0.00150078,0.001909006
0.023002036,0.004849239,0.00382159,0.002575648
0.03250929,0.00384625,0.004761744,0.001881287
-0.00889973,0.00308298,-0.004072026,0.001592677
0.046344921,0.004437392,-0.004481877,0.001121525
-0.005318636,0.004213863,-0.010898539,0.001720143
0.00456383,0.003263696,0.004990885,0.000972318
-0.040749741,0.004825268,-0.012597055,0.001692592
0.001075551,0.004343072,0.017358093,0.001526617
-0.015960355,0.006623732,-0.004238731,0.000929294
0.031178183,0.004564479,-0.010763039,0.00201934
-0.002399203,0.004016509,0.002009836,0.001766866
-0.016015117,0.002138376,-0.00347567,0.002741594
-0.025315729,0.003292611,-0.00878146,0.00235257
0.041766478,0.005699869,0.022824772,0.002611952
0.018613926,0.006462284,0.011117327,0.00210159
0.020367449,0.002817885,0.004223275,0.002674185
-0.017029401,0.003610287,-0.007939953,0.001760741
-0.008694316,0.002654213,0.002976592,0.001583221
-0.00715461,0.004505677,0.007307758,0.001870808
-0.002766835,0.004449681,-0.010729221,0.001692222
0.033058257,0.005431933,-0.00916113,0.002233555
0.021243258,0.003659734,0.007011626,0.002083813
0.003399061,0.005150059,-0.001933974,0.002125085
-0.007047217,0.004196375,0.004539037,0.001617879
0.045728804,0.002478633,0.01083187,0.001362366
-0.038569585,0.004650057,-0.013160797,0.00163425
-0.004812731,0.004976576,-0.014137273,0.00158406
-0.003684029,0.005444164,-0.005707942,0.002210622
-0.018781611,0.003811686,-0.005749189,0.002029244
0.02816607,0.004950028,0.02208319,0.002798541
0.011927388,0.004352604,-0.00170312,0.001967155
-0.02354217,0.005991265,0.011382618,0.001455005
-0.012021175,0.004081277,0.003587872,0.001544446
0.002538418,0.004744934,-0.00251288,0.001610821
-0.026266936,0.004604648,-0.002876134,0.002759061
0.015109431,0.003116326,0.00850554,0.001867215
-0.0099778,0.002472436,-0.003614359,0.001967917
0.026331528,0.003518066,-0.00013043,0.001892231
0.001932385,0.003425961,0.00061719,0.001642556
0.039773058,0.002492615,0.011777718,0.001232521
-0.004560162,0.004977272,0.0044876,0.002245957
-0.027951021,0.003927939,-0.020571716,0.001056306
0.020696821,0.004134039,0.007399209,0.00251004
-0.029253357,0.002851762,0.012498387,0.001450135
0.006677321,0.003903041,0.000990457,0.001102461
-0.01676708,0.004036607,-0.001524762,0.001860585
-0.004718874,0.004397778,0.01209631,0.002304351
0.018994566,0.00536433,-0.001852551,0.000970439
-0.007069918,0.004776522,-0.00197389,0.001755569
-0.017019693,0.006623605,-0.021639413,0.001831312
-0.021546713,0.004321237,0.006324662,0.001909785
0.007775866,0.00544672,-0.007424605,0.001984053
-0.003855771,0.003782766,0.009774965,0.001168707
0.007606923,0.005859625,-0.006062604,0.001299724
0.026328447,0.003357507,0.003338731,0.002528444
-0.052715424,0.003003215,-0.026284072,0.001660546
0.012609699,0.004474809,0.013822122,0.002011797
0.00729517,0.002378887,0.004302816,0.001913857
-0.019107299,0.003806324,-0.018149956,0.001509894
0.013668242,0.002563138,0.007630175,0.00137803
0.005852845,0.003683426,0.004436785,0.001024404
-0.021135599,0.002055186,-0.000957202,0.002182129
-0.008433597,0.003113422,0.002458751,0.001462237
0.024189037,0.004199181,-0.004080696,0.001461478
-0.016773637,0.004052618,0.000303131,0.002506005
0.02295239,0.00475137,0.014520178,0.001684552
0.039054911,0.003799566,0.012940801,0.001883337
-0.045350697,0.004038875,-0.005990671,0.000995852
-0.019598938,0.004655888,-0.004866501,0.001802247
0.014352839,0.003594366,-0.002099475,0.002042101
0.001891216,0.004501174,0.00780878,0.002191531
0.003224697,0.003580246,0.009446236,0.001160442
-0.024616908,0.002942158,-0.009687679,0.002370912
-0.003411751,0.00542036,-0.001979939,0.002735512
0.020717914,0.004734521,0.004408425,0.002957279
0.008497592,0.005649027,-0.006937958,0.002334089
-0.011125073,0.004939652,-0.003608801,0.001272677
0.006605775,0.005275438,0.004039234,0.00233152
-0.003836005,0.004086861,-0.011777501,0.002568613
0.002179689,0.002308085,-0.00860303,0.001535621
0.011289315,0.00443194,-0.008513566,0.002096201
0.001803281,0.003940054,0.01533086,0.002842019
0.013245464,0.003351594,0.01223357,0.00215028
0.032675719,0.00363187,0.01340422,0.0020177
-0.030044991,0.005112162,0.006443419,0.001499234
-0.031789541,0.005029363,-0.008384121,0.001083248
-0.03759436,0.004344109,-0.027101304,0.001685746
-0.011360367,0.004149253,0.025050736,0.002009534
0.00162812,0.005209451,-0.009818704,0.001655782
0.022094373,0.005154239,-0.003769686,0.001885863
0.009195772,0.004108207,0.002657662,0.001686925
0.009560363,0.003054855,0.006041613,0.001878009
0.022913937,0.003521469,-0.002272255,0.001884899
-0.042044324,0.00393297,-0.014294045,0.002153988
-0.011181781,0.002145579,0.00602532,0.001352898
-0.015165218,0.003133891,-0.013162436,0.001395905
0.011716355,0.005368112,-0.010619622,0.001120913
0.084165192,0.005491427,0.016475857,0.001499025
-0.012888194,0.003155975,-0.00304177,0.001998114
-0.014876115,0.002380622,-0.012230276,0.001960317
0.00387312,0.004367878,0.01234294,0.001693136
0.057442298,0.005362442,0.012759833,0.001474733
0.006456483,0.003871163,0.025696954,0.002468139
0.015698272,0.002764557,-0.021310982,0.001652749
-0.030399708,0.003196826,-0.00918017,0.002856856
-0.008519933,0.004015322,0.004273117,0.001367336
0.033043712,0.003573135,0.010240906,0.002468003
-0.026388561,0.004381095,0.006367384,0.001508694
0.025243789,0.00331345,0.000936151,0.001884707
-0.002737506,0.003735571,0.001909471,0.0014454
-0.025962192,0.002357935,-0.004230364,0.001192646
-0.012726893,0.00257173,-0.00584505,0.001540484
-0.022841062,0.005050644,-0.012862337,0.001829418
-0.00110704,0.005100551,-0.008471886,0.002229716
0.026385934,0.004107163,-0.006883347,0.001988242
0.018255572,0.005997927,0.002205108,0.001877616
0.01422165,0.00631327,-0.002999359,0.002190628
-0.04136845,0.004840917,-0.012801996,0.001520579
0.005983845,0.004738571,0.013859781,0.002247807
-0.000256698,0.001784503,-0.018283184,0.001966157
-0.000405636,0.004655433,0.018603845,0.001535249
-0.016093064,0.004699812,-0.006697781,0.001109527
-0.007660516,0.004580691,0.002731652,0.001896093
-0.020666017,0.004097039,0.011366367,0.002118745
-0.003652497,0.003022966,-0.015405298,0.001581559
0.014602512,0.004423101,-0.002623467,0.00147864
0.050075191,0.00499169,0.005487644,0.001507635
0.001312934,0.00416055,0.010289619,0.002546791
-0.013504486,0.004879396,0.013160849,0.002246462
-0.041014474,0.00452716,-0.005297652,0.001522588
-0.033816827,0.004648188,-0.013635477,0.001635683
-0.027016156,0.003633512,0.000113325,0.003076321
0.00985732,0.0044849,-0.009031245,0.002456107
0.045914576,0.004172438,0.023627837,0.001343893
0.026616265,0.00349463,-0.010997086,0.002149273
0.002025346,0.00349966,0.001783572,0.002182138
0.012784362,0.004617216,0.009106211,0.002028247
-0.019604852,0.003050684,-0.003046354,0.001837473
-0.012374057,0.002776788,-0.005320751,0.002733705
0.00978716,0.002305335,-0.004581782,0.002136764
-0.018742383,0.002983201,-0.003429636,0.002235312
-0.003246134,0.003456595,0.006735717,0.001613193
0.017282062,0.003919372,-0.009141703,0.001223865
0.011868032,0.003049459,0.005448384,0.00199451
-0.015013634,0.004465581,0.010748197,0.00188261
-0.003862063,0.004476798,-0.001356132,0.000941245
-0.009373885,0.003374994,-0.005073179,0.002172509
-0.040875653,0.00293448,-0.00774592,0.001737117
0.023706196,0.00384675,0.005844557,0.001264583
0.019469719,0.003198616,-0.004352482,0.001729517
0.035591308,0.004011885,0.008241256,0.001748961
0.016776402,0.001943837,-0.013397386,0.001408515
-0.039631808,0.004450432,3.29E-05,0.001753656
-0.003696882,0.003665444,0.008615602,0.001622497
0.015945915,0.005015003,0.005793971,0.002209985
-0.000400247,0.00459045,0.012766103,0.001748938
0.014842516,0.005721977,-0.001125447,0.002027342
-0.032481086,0.004672381,-0.010678873,0.002266305
0.00093113,0.003896527,0.00420546,0.001964566
0.012592288,0.004301638,0.008721977,0.002099528
-0.014082756,0.004715592,0.006349061,0.001615525
0.03075822,0.005263696,-0.004074945,0.001661016
-0.00455959,0.004506774,0.000323274,0.00150879
0.000549265,0.003690378,0.003182166,0.001521564
-0.044749623,0.003866963,-0.002753431,0.002561188
0.050222183,0.003499578,0.000706337,0.00077575
0.020519597,0.003881534,0.012439709,0.002313282
0.006887671,0.00290161,-0.008610156,0.00131935
-0.009617965,0.002617183,-0.012637483,0.001883502
-0.01168275,0.005573666,-0.003951928,0.001897194
-0.016232937,0.003704498,0.002247361,0.001463418
0.002276371,0.005644724,0.011214788,0.001887228
0.02151385,0.003182426,0.005353125,0.001342837
-0.023950145,0.004727037,-0.010104091,0.002723845
0.013476247,0.004760309,0.009384885,0.002000363
-0.013631377,0.005620695,-0.012632814,0.0029653
-0.012181181,0.004191188,0.00334255,0.001755778
-0.009787165,0.00312583,-0.009335324,0.001440439
0.009655334,0.004158781,0.024837484,0.001677633
0.000678333,0.004931592,-0.001225961,0.002217518
0.022027273,0.003956514,0.001492039,0.001563839
-0.010156029,0.003063563,-0.014794093,0.001411003
0.011945126,0.004137136,5.32E-05,0.001863964
-0.027920092,0.003565525,-0.00702993,0.001977248
-0.018505768,0.004919628,0.016833808,0.001576976
0.006773677,0.002936803,0.009336533,0.00235653
0.003903851,0.002156404,-0.004658331,0.002026972
0.022034384,0.003067138,0.004921815,0.001661833
-0.014797463,0.002967869,-0.0211468,0.002890514
0.014622073,0.003522244,0.000712278,0.001392656
0.005159196,0.004847232,0.002165266,0.000958976
0.005781547,0.005407998,0.009727777,0.001264159
-0.034660508,0.003524518,-0.025986686,0.002567549
-0.009705687,0.005205401,0.005821319,0.00206477
0.015203368,0.007668982,-0.013472431,0.001343202
0.015262899,0.003895894,-0.002019561,0.001288798
-0.003917142,0.006142422,-0.006299004,0.001910516
0.003664156,0.003350528,0.019931894,0.001718499
-0.035555785,0.004670336,-0.004704517,0.002814821
-0.008011792,0.002545016,-0.004754731,0.00163973
0.040945315,0.004554891,0.013306508,0.001848632
-0.012088882,0.004022115,-0.007116744,0.002225348
-0.002515396,0.003577324,-0.00129354,0.002545935
-0.025979093,0.004921763,-0.006980092,0.002135269
0.020970178,0.00430382,0.000699646,0.001763539
-0.032118516,0.004731087,0.008001072,0.001035064
-0.026969468,0.005088036,-0.024127499,0.002591498
0.006758194,0.008392161,-0.004067492,0.002056726
0.037489316,0.004456997,0.025584226,0.002323855
0.020903573,0.00439437,0.003960952,0.002853779
0.075046153,0.006229908,0.009540793,0.002626389
-0.022006956,0.003197894,-0.004968717,0.002097806
-0.042718205,0.006179311,0.008728991,0.00209856
0.000604235,0.004841598,-0.006685919,0.001585932
0.017750409,0.003082202,-0.007977568,0.001625072
0.007926472,0.00336261,0.005438304,0.001862835
-0.039664323,0.004579713,0.011688216,0.00124943
-0.010397714,0.002730074,-0.016958229,0.001254022
0.031020198,0.004204653,0.010992034,0.00114007
-0.025898477,0.002536843,0.008430408,0.00183874
0.021251225,0.005075097,-0.00069042,0.001737199
-0.029306242,0.004446809,-0.020447862,0.001772072
0.050236919,0.006666013,0.001196053,0.001683047
0.004968582,0.003804972,-0.001451961,0.002388803
-0.01571579,0.004572311,-0.008567281,0.001250164
0.023710317,0.005264771,0.010314845,0.001418307
-0.012622075,0.005638813,0.00645211,0.001579016
0.02867081,0.004455999,0.020144055,0.00115987
0.005528209,0.00363184,-0.008000983,0.001365553
0.010923301,0.004993004,-0.002565564,0.001517332
0.009538135,0.002646082,0.008232853,0.001534489
0.035463294,0.003504744,-0.016528982,0.001657164
0.006369214,0.003793533,-0.008270124,0.00154144
-0.063638453,0.004440404,-0.01722595,0.002162502
-0.055773954,0.005612414,-0.010317855,0.001668675
0.00373255,0.003729507,0.015562325,0.001758971
0.022754735,0.003956867,0.01116238,0.000925398
0.002476444,0.004531914,0.001128887,0.001506997
-0.012007983,0.004513362,0.001568352,0.002290548
0.012886763,0.005258696,0.006179676,0.0017408
0.00277939,0.003450458,0.002989333,0.001480557
-0.024353007,0.005963697,-0.003853898,0.00119593
-0.001557023,0.005370378,-0.008125472,0.001656523
-0.040458717,0.004732122,-0.010375543,0.002218889
0.016152164,0.004233406,0.000778542,0.002088121
0.026965009,0.00389438,0.019811935,0.001642258
0.002442295,0.005207461,0.004093837,0.0016798
-0.03402015,0.003461676,-0.009946959,0.002476323
0.031743474,0.003686652,0.014308421,0.002219794
-0.002234203,0.003637864,0.013467315,0.002471524
0.013578661,0.004405797,-0.001898843,0.001278851
0.0143941,0.003903639,-0.000176226,0.001177412
-0.02314903,0.005700308,-0.022798817,0.001687811
0.037705351,0.004485109,0.008654411,0.001864053
-0.005708251,0.006484638,0.000975364,0.001733279
-0.048381704,0.005377074,-0.00505941,0.002254549
0.011722761,0.002802251,0.002817024,0.001228412
-0.031560481,0.005900762,-0.010802592,0.001181801
-0.033322089,0.006067785,0.001085638,0.00152673
0.036748547,0.005792409,0.015643087,0.00218383
-0.030018769,0.004323932,-0.022628869,0.00272147
0.019189418,0.001578919,-0.002471744,0.001379618
-0.041673505,0.005162075,-0.016476962,0.001796412
0.013586052,0.004606246,-0.006134365,0.002684341
0.012498082,0.002846138,0.019391746,0.002713002
0.027090022,0.003795849,0.00496903,0.002191828
-0.014008376,0.004441693,0.001355144,0.001369303
-0.01365792,0.005301691,-0.015965464,0.002747098
0.001487385,0.005109482,1.05E-05,0.001476369
0.002743782,0.005431018,0.023888991,0.001804718
0.02108543,0.004112163,0.013273061,0.00115403
-0.016791235,0.003572752,-0.007223189,0.0013395
0.004264077,0.0052905,-0.006830751,0.001974762
0.02361067,0.004849888,-0.00284712,0.002082174
0.014381069,0.0049712,-0.004869001,0.001779449
-0.010471003,0.006450334,0.00523405,0.001545094
0.006769444,0.005045889,0.003425367,0.002962178
0.016865457,0.005280497,0.005162653,0.002112573
0.025978806,0.004292525,-0.004758906,0.0020041
-0.027176226,0.002952212,0.011412376,0.001698992
0.024522465,0.003357872,0.012642374,0.001264627
-0.020371362,0.003695204,0.001147037,0.001980383
-0.001593425,0.00530234,-0.009023424,0.001593967
-0.025441266,0.004087379,0.001364174,0.000678899
0.008174623,0.003293931,-0.017107599,0.001216939
-0.032196533,0.00611813,0.003644529,0.002448497
0.000414116,0.003279752,-0.003473183,0.001223512
0.027943429,0.00567236,0.00454805,0.001343477
0.005426434,0.00753803,0.003451644,0.001834153
0.023897983,0.00615139,0.003562197,0.001984667
-0.004422264,0.004051013,-0.002454845,0.002407247
0.00558713,0.005683233,0.000145473,0.002238527
-0.016702527,0.004265451,-0.00751915,0.002419043
0.003594995,0.005859595,-0.002299319,0.002399534
0.048512323,0.003348426,0.008953829,0.002198911
-0.010391566,0.002664229,-0.03132826,0.001292313
-0.006884607,0.001956982,0.008150647,0.001055265
-0.008280481,0.004418035,-0.012948218,0.002091718
-0.003210967,0.005310791,0.011123473,0.002607399
-0.016933561,0.004675067,0.015079989,0.002224451
0.000119235,0.005326998,-0.004589302,0.001811179
0.030971739,0.003891967,0.015504098,0.003170112
-0.032675872,0.004925135,0.000838453,0.002831027
-0.010333672,0.005167664,-0.026461313,0.002820018
-0.012579426,0.002878289,0.016200128,0.002018056
0.006408622,0.003824165,-0.006325102,0.001792927
0.010128405,0.004649866,-0.006945362,0.002208969
0.005749213,0.005186384,0.013033787,0.001991892
-0.022072481,0.003774203,-0.00023798,0.001692241
-0.018988608,0.005808763,-0.005719965,0.00132879
0.001751001,0.002274978,0.009932444,0.001898661
0.02666279,0.005526353,0.0064279,0.001898343
-0.009216502,0.004118186,0.011930869,0.001997769
-0.040627036,0.003304319,-0.020440169,0.002430949
-0.020905518,0.004205138,-0.004562628,0.002045353
-0.01583197,0.003369862,-0.007700994,0.002827008
0.024364098,0.004597854,0.00576334,0.001371858
0.034717705,0.005028012,-0.005816095,0.001839122
0.008094831,0.005139246,0.01291969,0.002585016
0.037811897,0.002636355,0.014847394,0.001873744
-0.00067777,0.006156963,-0.019620639,0.001989513
-0.031609623,0.005376535,0.005077982,0.002660911
0.002995638,0.003597289,0.013770325,0.001736277
0.048979135,0.007273132,0.009993553,0.001193671
0.004280008,0.004526709,-0.000197512,0.00173178
-0.002648666,0.005695334,-0.006553536,0.00140981
0.004092777,0.005508377,0.017018592,0.001768075
-0.009386784,0.004517914,-0.001748646,0.002512514
-0.056880141,0.005575366,-0.027066978,0.002113918
0.014856554,0.005367227,0.004242148,0.002249007
-0.011242258,0.004021573,-0.018283155,0.001773693
0.019975462,0.003684633,-0.001331949,0.00217835
-0.001876943,0.003702298,-0.006925278,0.001472311
-0.003805824,0.003495112,0.016948707,0.002601007
-0.01440097,0.00434064,-0.003606723,0.001732418
-0.062873936,0.005081513,-0.022807072,0.002326911
0.057167983,0.00449066,0.016490453,0.001144615
0.011514423,0.00293934,0.002734577,0.001390288
